﻿id,Model Year,Technology,Size,Cargo Weight
0,2020,low,Tractor Sleeper,38203.27201
1,2020,low,Tractor Day Cab,38192.10208
2,2020,low,Class 8 Vocational,15153.96991
3,2020,low,Class 6 Pickup Delivery,11345.26288
4,2020,low,Class 3 Pickup Delivery,6073.368086
5,2020,low,Bus,8818.48
6,2020,low,Class 8 Refuse,27337.288
7,2025,low,Tractor Sleeper,38403.7456
8,2025,low,Tractor Day Cab,38287.63554
9,2025,low,Class 8 Vocational,15259.05687
10,2025,low,Class 6 Pickup Delivery,11356.59794
11,2025,low,Class 3 Pickup Delivery,6096.296134
12,2025,low,Bus,0
13,2025,low,Class 8 Refuse,0
14,2030,low,Tractor Sleeper,38565.41766
15,2030,low,Tractor Day Cab,38425.7918
16,2030,low,Class 8 Vocational,15411.0286
17,2030,low,Class 6 Pickup Delivery,11435.37496
18,2030,low,Class 3 Pickup Delivery,6152.278711
19,2030,low,Bus,0
20,2030,low,Class 8 Refuse,27403.4266
21,2035,low,Tractor Sleeper,38612.30265
22,2035,low,Tractor Day Cab,38563.94784
23,2035,low,Class 8 Vocational,15563.00055
24,2035,low,Class 6 Pickup Delivery,11514.15199
25,2035,low,Class 3 Pickup Delivery,6208.261288
26,2035,low,Bus,0
27,2035,low,Class 8 Refuse,0
28,2050,low,Tractor Sleeper,38840.26036
29,2050,low,Tractor Day Cab,38771.18212
30,2050,low,Class 8 Vocational,15790.95826
31,2050,low,Class 6 Pickup Delivery,11617.6051
32,2050,low,Class 3 Pickup Delivery,6283.828386
33,2050,low,Bus,0
34,2050,low,Class 8 Refuse,28020.7202
35,2020,high,Tractor Sleeper,38203.27201
36,2020,high,Tractor Day Cab,38192.10208
37,2020,high,Class 8 Vocational,15153.96991
38,2020,high,Class 6 Pickup Delivery,11345.26288
39,2020,high,Class 3 Pickup Delivery,6073.368086
40,2020,high,Bus,8818.48
41,2020,high,Class 8 Refuse,27337.288
42,2025,high,Tractor Sleeper,38449.01372
43,2025,high,Tractor Day Cab,38415.5035
44,2025,high,Class 8 Vocational,15399.71162
45,2025,high,Class 6 Pickup Delivery,11500.07505
46,2025,high,Class 3 Pickup Delivery,6161.83199
47,2025,high,Bus,0
48,2025,high,Class 8 Refuse,0
49,2030,high,Tractor Sleeper,38694.75544
50,2030,high,Tractor Day Cab,38638.90492
51,2030,high,Class 8 Vocational,15645.45334
52,2030,high,Class 6 Pickup Delivery,11625.46281
53,2030,high,Class 3 Pickup Delivery,6233.48214
54,2030,high,Bus,9371.83962
55,2030,high,Class 8 Refuse,27890.64762
56,2035,high,Tractor Sleeper,38940.49694
57,2035,high,Tractor Day Cab,38862.30656
58,2035,high,Class 8 Vocational,15891.19484
59,2035,high,Class 6 Pickup Delivery,11743.49442
60,2035,high,Class 3 Pickup Delivery,6300.928962
61,2035,high,Bus,0
62,2035,high,Class 8 Refuse,0
63,2050,high,Tractor Sleeper,39309.1094
64,2050,high,Tractor Day Cab,39197.4088
65,2050,high,Class 8 Vocational,16259.8073
66,2050,high,Class 6 Pickup Delivery,11905.09417
67,2050,high,Class 3 Pickup Delivery,6393.271675
68,2050,high,Bus,10394.7833
69,2050,high,Class 8 Refuse,28913.5913
