﻿ID,fuel,year,price,type,vehicleSize
0,Gasoline,2020,2.64161,ref,LDV
1,Gasoline,2025,2.627421,ref,LDV
2,Gasoline,2030,2.812067,ref,LDV
3,Gasoline,2035,2.981379,ref,LDV
4,Gasoline,2040,3.108914,ref,LDV
5,Gasoline,2045,3.269958,ref,LDV
6,Gasoline,2050,3.427872,ref,LDV
7,Premium_Gasoline,2020,3.004658844,ref,LDV
8,Premium_Gasoline,2025,2.990180388,ref,LDV
9,Premium_Gasoline,2030,3.178593167,ref,LDV
10,Premium_Gasoline,2035,3.351359132,ref,LDV
11,Premium_Gasoline,2040,3.481495846,ref,LDV
12,Premium_Gasoline,2045,3.645825143,ref,LDV
13,Premium_Gasoline,2050,3.806960589,ref,LDV
14,Diesel,2020,2.56351882,ref,LDV
15,Diesel,2025,2.694710237,ref,LDV
16,Diesel,2030,2.877537984,ref,LDV
17,Diesel,2035,3.029190166,ref,LDV
18,Diesel,2040,3.133334688,ref,LDV
19,Diesel,2045,3.288766971,ref,LDV
20,Diesel,2050,3.390125558,ref,LDV
21,Hydrogen,2020,13.82,ref,LDV
22,Hydrogen,2025,9.58,ref,LDV
23,Hydrogen,2030,5.34,ref,LDV
24,Hydrogen,2035,4.645,ref,LDV
25,Hydrogen,2040,3.95,ref,LDV
26,Hydrogen,2045,3.95,ref,LDV
27,Hydrogen,2050,3.95,ref,LDV
28,Electric,2020,4.17718914,ref,LDV
29,Electric,2025,4.333497828,ref,LDV
30,Electric,2030,4.40095714,ref,LDV
31,Electric,2035,4.380461474,ref,LDV
32,Electric,2040,4.327461821,ref,LDV
33,Electric,2045,4.286318839,ref,LDV
34,Electric,2050,4.218029496,ref,LDV
35,Gas_Electric,2020,3.782545301,ref,LDV
36,Gas_Electric,2025,3.895036083,ref,LDV
37,Gas_Electric,2030,3.992612374,ref,LDV
38,Gas_Electric,2035,4.020897278,ref,LDV
39,Gas_Electric,2040,4.014295031,ref,LDV
40,Gas_Electric,2045,4.025114103,ref,LDV
41,Gas_Electric,2050,4.01495902,ref,LDV
42,Premium_Electric,2020,3.875848854,ref,LDV
43,Premium_Electric,2025,3.988265246,ref,LDV
44,Premium_Electric,2030,4.086809599,ref,LDV
45,Premium_Electric,2035,4.115982172,ref,LDV
46,Premium_Electric,2040,4.110048565,ref,LDV
47,Premium_Electric,2045,4.121711959,ref,LDV
48,Premium_Electric,2050,4.112384787,ref,LDV
49,Diesel_Electric,2020,3.762475868,ref,LDV
50,Diesel_Electric,2025,3.912329417,ref,LDV
51,Diesel_Electric,2030,4.009438417,ref,LDV
52,Diesel_Electric,2035,4.033184748,ref,LDV
53,Diesel_Electric,2040,4.020571148,ref,LDV
54,Diesel_Electric,2045,4.029948009,ref,LDV
55,Diesel_Electric,2050,4.005258184,ref,LDV
56,CNG,2020,1.595366343,ref,LDV
57,CNG,2025,1.478210649,ref,LDV
58,CNG,2030,1.452610193,ref,LDV
59,CNG,2035,1.375541166,ref,LDV
60,CNG,2040,1.347555561,ref,LDV
61,CNG,2045,1.336200675,ref,LDV
62,CNG,2050,1.354196945,ref,LDV
63,Biofuel,2020,2.908350439,ref,LDV
64,Biofuel,2025,3.34247309,ref,LDV
65,Biofuel,2030,3.605814537,ref,LDV
66,Biofuel,2035,3.931892736,ref,LDV
67,Biofuel,2040,4.271704907,ref,LDV
68,Biofuel,2045,4.651096392,ref,LDV
69,Biofuel,2050,5.265387063,ref,LDV
70,Gasoline,2020,2.134451,low_oil,LDV
71,Gasoline,2025,2.011202,low_oil,LDV
72,Gasoline,2030,2.089503,low_oil,LDV
73,Gasoline,2035,2.125399,low_oil,LDV
74,Gasoline,2040,2.176053,low_oil,LDV
75,Gasoline,2045,2.202239,low_oil,LDV
76,Gasoline,2050,2.200613,low_oil,LDV
77,Premium_Gasoline,2020,2.4871538,low_oil,LDV
78,Premium_Gasoline,2025,2.361390521,low_oil,LDV
79,Premium_Gasoline,2030,2.441288861,low_oil,LDV
80,Premium_Gasoline,2035,2.47791714,low_oil,LDV
81,Premium_Gasoline,2040,2.529604481,low_oil,LDV
82,Premium_Gasoline,2045,2.556324676,low_oil,LDV
83,Premium_Gasoline,2050,2.554665505,low_oil,LDV
84,Diesel,2020,2.039897581,low_oil,LDV
85,Diesel,2025,2.072728632,low_oil,LDV
86,Diesel,2030,2.163409112,low_oil,LDV
87,Diesel,2035,2.185834622,low_oil,LDV
88,Diesel,2040,2.215524179,low_oil,LDV
89,Diesel,2045,2.228100636,low_oil,LDV
90,Diesel,2050,2.241123506,low_oil,LDV
91,Hydrogen,2020,13.82,low_oil,LDV
92,Hydrogen,2025,9.58,low_oil,LDV
93,Hydrogen,2030,5.34,low_oil,LDV
94,Hydrogen,2035,4.645,low_oil,LDV
95,Hydrogen,2040,3.95,low_oil,LDV
96,Hydrogen,2045,3.95,low_oil,LDV
97,Hydrogen,2050,3.95,low_oil,LDV
98,Electric,2020,2.696,low_oil,LDV
99,Electric,2025,2.696,low_oil,LDV
100,Electric,2030,2.696,low_oil,LDV
101,Electric,2035,2.696,low_oil,LDV
102,Electric,2040,2.696,low_oil,LDV
103,Electric,2045,2.696,low_oil,LDV
104,Electric,2050,2.696,low_oil,LDV
105,Gas_Electric,2020,2.551681907,low_oil,LDV
106,Gas_Electric,2025,2.520006914,low_oil,LDV
107,Gas_Electric,2030,2.540130271,low_oil,LDV
108,Gas_Electric,2035,2.549355543,low_oil,LDV
109,Gas_Electric,2040,2.562373621,low_oil,LDV
110,Gas_Electric,2045,2.569103423,low_oil,LDV
111,Gas_Electric,2050,2.568685541,low_oil,LDV
112,Premium_Electric,2020,2.642326527,low_oil,LDV
113,Premium_Electric,2025,2.610005364,low_oil,LDV
114,Premium_Electric,2030,2.630539237,low_oil,LDV
115,Premium_Electric,2035,2.639952705,low_oil,LDV
116,Premium_Electric,2040,2.653236352,low_oil,LDV
117,Premium_Electric,2045,2.660103442,low_oil,LDV
118,Premium_Electric,2050,2.659677035,low_oil,LDV
119,Diesel_Electric,2020,2.527381678,low_oil,LDV
120,Diesel_Electric,2025,2.535819258,low_oil,LDV
121,Diesel_Electric,2030,2.559124142,low_oil,LDV
122,Diesel_Electric,2035,2.564887498,low_oil,LDV
123,Diesel_Electric,2040,2.572517714,low_oil,LDV
124,Diesel_Electric,2045,2.575749863,low_oil,LDV
125,Diesel_Electric,2050,2.579096741,low_oil,LDV
126,CNG,2020,1.595366343,low_oil,LDV
127,CNG,2025,1.478210649,low_oil,LDV
128,CNG,2030,1.452610193,low_oil,LDV
129,CNG,2035,1.375541166,low_oil,LDV
130,CNG,2040,1.347555561,low_oil,LDV
131,CNG,2045,1.336200675,low_oil,LDV
132,CNG,2050,1.354196945,low_oil,LDV
133,Biofuel,2020,2.691962038,low_oil,LDV
134,Biofuel,2025,2.546664758,low_oil,LDV
135,Biofuel,2030,2.586691425,low_oil,LDV
136,Biofuel,2035,2.883121786,low_oil,LDV
137,Biofuel,2040,3.148874387,low_oil,LDV
138,Biofuel,2045,3.458600213,low_oil,LDV
139,Biofuel,2050,3.486748031,low_oil,LDV
140,Gasoline,2020,3.237725,high_oil,LDV
141,Gasoline,2025,3.874833,high_oil,LDV
142,Gasoline,2030,4.183621,high_oil,LDV
143,Gasoline,2035,4.532984,high_oil,LDV
144,Gasoline,2040,4.747542,high_oil,LDV
145,Gasoline,2045,4.85012,high_oil,LDV
146,Gasoline,2050,5.007406,high_oil,LDV
147,Premium_Gasoline,2020,3.61293459,high_oil,LDV
148,Premium_Gasoline,2025,4.263039593,high_oil,LDV
149,Premium_Gasoline,2030,4.578126868,high_oil,LDV
150,Premium_Gasoline,2035,4.934616874,high_oil,LDV
151,Premium_Gasoline,2040,5.153551857,high_oil,LDV
152,Premium_Gasoline,2045,5.258222448,high_oil,LDV
153,Premium_Gasoline,2050,5.418717082,high_oil,LDV
154,Diesel,2020,3.070762536,high_oil,LDV
155,Diesel,2025,3.895933936,high_oil,LDV
156,Diesel,2030,4.235348002,high_oil,LDV
157,Diesel,2035,4.52676344,high_oil,LDV
158,Diesel,2040,4.75808253,high_oil,LDV
159,Diesel,2045,4.961425207,high_oil,LDV
160,Diesel,2050,5.049246369,high_oil,LDV
161,Hydrogen,2020,13.82,high_oil,LDV
162,Hydrogen,2025,12.39,high_oil,LDV
163,Hydrogen,2030,10.96,high_oil,LDV
164,Hydrogen,2035,9.595,high_oil,LDV
165,Hydrogen,2040,8.23,high_oil,LDV
166,Hydrogen,2045,8.065,high_oil,LDV
167,Hydrogen,2050,7.9,high_oil,LDV
168,Electric,2020,9.099,high_oil,LDV
169,Electric,2025,9.099,high_oil,LDV
170,Electric,2030,9.099,high_oil,LDV
171,Electric,2035,9.099,high_oil,LDV
172,Electric,2040,9.099,high_oil,LDV
173,Electric,2045,9.099,high_oil,LDV
174,Electric,2050,9.099,high_oil,LDV
175,Gas_Electric,2020,7.592652325,high_oil,LDV
176,Gas_Electric,2025,7.756389081,high_oil,LDV
177,Gas_Electric,2030,7.835747597,high_oil,LDV
178,Gas_Electric,2035,7.925533888,high_oil,LDV
179,Gas_Electric,2040,7.980675294,high_oil,LDV
180,Gas_Electric,2045,8.00703784,high_oil,LDV
181,Gas_Electric,2050,8.047460342,high_oil,LDV
182,Premium_Electric,2020,7.68908119,high_oil,LDV
183,Premium_Electric,2025,7.856158175,high_oil,LDV
184,Premium_Electric,2030,7.937135605,high_oil,LDV
185,Premium_Electric,2035,8.028753537,high_oil,LDV
186,Premium_Electric,2040,8.085019827,high_oil,LDV
187,Premium_Electric,2045,8.111920169,high_oil,LDV
188,Premium_Electric,2050,8.15316729,high_oil,LDV
189,Diesel_Electric,2020,7.549742972,high_oil,LDV
190,Diesel_Electric,2025,7.761812022,high_oil,LDV
191,Diesel_Electric,2030,7.849041437,high_oil,LDV
192,Diesel_Electric,2035,7.923935204,high_oil,LDV
193,Diesel_Electric,2040,7.98338421,high_oil,LDV
194,Diesel_Electric,2045,8.035643278,high_oil,LDV
195,Diesel_Electric,2050,8.058213317,high_oil,LDV
196,CNG,2020,2.047323457,high_oil,LDV
197,CNG,2025,1.896978301,high_oil,LDV
198,CNG,2030,1.864125399,high_oil,LDV
199,CNG,2035,1.765223208,high_oil,LDV
200,CNG,2040,1.72930946,high_oil,LDV
201,CNG,2045,1.714737808,high_oil,LDV
202,CNG,2050,1.737832306,high_oil,LDV
203,Biofuel,2020,4.324330736,high_oil,LDV
204,Biofuel,2025,5.259345278,high_oil,LDV
205,Biofuel,2030,5.290361712,high_oil,LDV
206,Biofuel,2035,6.020450942,high_oil,LDV
207,Biofuel,2040,6.122063123,high_oil,LDV
208,Biofuel,2045,5.878052607,high_oil,LDV
209,Biofuel,2050,6.233456399,high_oil,LDV
210,Gasoline,2020,3.023794298,ref,HDV
211,Gasoline,2025,3.007552454,ref,HDV
212,Gasoline,2030,3.218912769,ref,HDV
213,Gasoline,2035,3.412720584,ref,HDV
214,Gasoline,2040,3.558707162,ref,HDV
215,Gasoline,2045,3.743050774,ref,HDV
216,Gasoline,2050,3.923811542,ref,HDV
217,Premium_Gasoline,2020,3.439368522,ref,HDV
218,Premium_Gasoline,2025,3.422795344,ref,HDV
219,Premium_Gasoline,2030,3.63846741,ref,HDV
220,Premium_Gasoline,2035,3.836228903,ref,HDV
221,Premium_Gasoline,2040,3.985193608,ref,HDV
222,Premium_Gasoline,2045,4.17329783,ref,HDV
223,Premium_Gasoline,2050,4.357746118,ref,HDV
224,Diesel,2020,2.934405,ref,HDV
225,Diesel,2025,3.084577,ref,HDV
226,Diesel,2030,3.293856,ref,HDV
227,Diesel,2035,3.467449,ref,HDV
228,Diesel,2040,3.586661,ref,HDV
229,Diesel,2045,3.764581,ref,HDV
230,Diesel,2050,3.880604,ref,HDV
231,Hydrogen,2020,15.81945753,ref,HDV
232,Hydrogen,2025,10.96602049,ref,HDV
233,Hydrogen,2030,6.112583444,ref,HDV
234,Hydrogen,2035,5.317031854,ref,HDV
235,Hydrogen,2040,4.521480263,ref,HDV
236,Hydrogen,2045,4.521480263,ref,HDV
237,Hydrogen,2050,4.521480263,ref,HDV
238,Electric,2020,4.463606637,ref,HDV
239,Electric,2025,4.756560668,ref,HDV
240,Electric,2030,4.830863189,ref,HDV
241,Electric,2035,4.813587849,ref,HDV
242,Electric,2040,4.687411471,ref,HDV
243,Electric,2045,4.56413984,ref,HDV
244,Electric,2050,4.44604005,ref,HDV
245,Gas_Electric,2020,4.093574866,ref,HDV
246,Gas_Electric,2025,4.307065557,ref,HDV
247,Gas_Electric,2030,4.416591932,ref,HDV
248,Gas_Electric,2035,4.453564961,ref,HDV
249,Gas_Electric,2040,4.397334463,ref,HDV
250,Gas_Electric,2045,4.35311995,ref,HDV
251,Gas_Electric,2050,4.311827324,ref,HDV
252,Premium_Electric,2020,4.200377442,ref,HDV
253,Premium_Electric,2025,4.41378298,ref,HDV
254,Premium_Electric,2030,4.524417474,ref,HDV
255,Premium_Electric,2035,4.5624066,ref,HDV
256,Premium_Electric,2040,4.50694148,ref,HDV
257,Premium_Electric,2045,4.463693444,ref,HDV
258,Premium_Electric,2050,4.423348509,ref,HDV
259,Diesel_Electric,2020,4.070601817,ref,HDV
260,Diesel_Electric,2025,4.326860866,ref,HDV
261,Diesel_Electric,2030,4.435852342,ref,HDV
262,Diesel_Electric,2035,4.467630164,ref,HDV
263,Diesel_Electric,2040,4.4045186,ref,HDV
264,Diesel_Electric,2045,4.358653218,ref,HDV
265,Diesel_Electric,2050,4.300722985,ref,HDV
266,CNG,2020,1.826181628,ref,HDV
267,CNG,2025,1.692076018,ref,HDV
268,CNG,2030,1.662771725,ref,HDV
269,CNG,2035,1.574552464,ref,HDV
270,CNG,2040,1.542517942,ref,HDV
271,CNG,2045,1.529520248,ref,HDV
272,CNG,2050,1.550120193,ref,HDV
273,Biofuel,2020,3.329126357,ref,HDV
274,Biofuel,2025,3.826057242,ref,HDV
275,Biofuel,2030,4.127498548,ref,HDV
276,Biofuel,2035,4.500753267,ref,HDV
277,Biofuel,2040,4.889728969,ref,HDV
278,Biofuel,2045,5.324010263,ref,HDV
279,Biofuel,2050,6.027175616,ref,HDV
280,Gasoline,2020,2.443260271,low_oil,HDV
281,Gasoline,2025,2.302179784,low_oil,HDV
282,Gasoline,2030,2.391809259,low_oil,HDV
283,Gasoline,2035,2.43289864,low_oil,HDV
284,Gasoline,2040,2.490881188,low_oil,HDV
285,Gasoline,2045,2.52085574,low_oil,HDV
286,Gasoline,2050,2.518994493,low_oil,HDV
287,Premium_Gasoline,2020,2.8469916,low_oil,HDV
288,Premium_Gasoline,2025,2.703033072,low_oil,HDV
289,Premium_Gasoline,2030,2.794490988,low_oil,HDV
290,Premium_Gasoline,2035,2.836418593,low_oil,HDV
291,Premium_Gasoline,2040,2.895583984,low_oil,HDV
292,Premium_Gasoline,2045,2.926170017,low_oil,HDV
293,Premium_Gasoline,2050,2.9242708,low_oil,HDV
294,Diesel,2020,2.335027,low_oil,HDV
295,Diesel,2025,2.372608,low_oil,HDV
296,Diesel,2030,2.476408,low_oil,HDV
297,Diesel,2035,2.502078,low_oil,HDV
298,Diesel,2040,2.536063,low_oil,HDV
299,Diesel,2045,2.550459,low_oil,HDV
300,Diesel,2050,2.565366,low_oil,HDV
301,Hydrogen,2020,15.81945753,low_oil,HDV
302,Hydrogen,2025,10.96602049,low_oil,HDV
303,Hydrogen,2030,6.112583444,low_oil,HDV
304,Hydrogen,2035,5.317031854,low_oil,HDV
305,Hydrogen,2040,4.521480263,low_oil,HDV
306,Hydrogen,2045,4.521480263,low_oil,HDV
307,Hydrogen,2050,4.521480263,low_oil,HDV
308,Electric,2020,38.57566706,low_oil,HDV
309,Electric,2025,4.006646229,low_oil,HDV
310,Electric,2030,4.005807208,low_oil,HDV
311,Electric,2035,3.926865963,low_oil,HDV
312,Electric,2040,3.848612908,low_oil,HDV
313,Electric,2045,3.793254897,low_oil,HDV
314,Electric,2050,3.721151575,low_oil,HDV
315,Gas_Electric,2020,29.28963852,low_oil,HDV
316,Gas_Electric,2025,3.568598353,low_oil,HDV
317,Gas_Electric,2030,3.591009735,low_oil,HDV
318,Gas_Electric,2035,3.542916361,low_oil,HDV
319,Gas_Electric,2040,3.499675856,low_oil,HDV
320,Gas_Electric,2045,3.466248314,low_oil,HDV
321,Gas_Electric,2050,3.412197205,low_oil,HDV
322,Premium_Electric,2020,29.39339747,low_oil,HDV
323,Premium_Electric,2025,3.671617648,low_oil,HDV
324,Premium_Electric,2030,3.69449894,low_oil,HDV
325,Premium_Electric,2035,3.646620989,low_oil,HDV
326,Premium_Electric,2040,3.603684474,low_oil,HDV
327,Premium_Electric,2045,3.570414083,low_oil,HDV
328,Premium_Electric,2050,3.516353216,low_oil,HDV
329,Diesel_Electric,2020,29.26182256,low_oil,HDV
330,Diesel_Electric,2025,3.586698404,low_oil,HDV
331,Diesel_Electric,2030,3.612751612,low_oil,HDV
332,Diesel_Electric,2035,3.560695457,low_oil,HDV
333,Diesel_Electric,2040,3.511287582,low_oil,HDV
334,Diesel_Electric,2045,3.473856351,low_oil,HDV
335,Diesel_Electric,2050,3.424114682,low_oil,HDV
336,CNG,2020,1.826181628,low_oil,HDV
337,CNG,2025,1.692076018,low_oil,HDV
338,CNG,2030,1.662771725,low_oil,HDV
339,CNG,2035,1.574552464,low_oil,HDV
340,CNG,2040,1.542517942,low_oil,HDV
341,CNG,2045,1.529520248,low_oil,HDV
342,CNG,2050,1.550120193,low_oil,HDV
343,Biofuel,2020,3.081431196,low_oil,HDV
344,Biofuel,2025,2.915112517,low_oil,HDV
345,Biofuel,2030,2.960930183,low_oil,HDV
346,Biofuel,2035,3.300247658,low_oil,HDV
347,Biofuel,2040,3.60444896,low_oil,HDV
348,Biofuel,2045,3.958985469,low_oil,HDV
349,Biofuel,2050,3.991205672,low_oil,HDV
350,Gasoline,2020,3.706154351,high_oil,HDV
351,Gasoline,2025,4.435438211,high_oil,HDV
352,Gasoline,2030,4.78890121,high_oil,HDV
353,Gasoline,2035,5.188809542,high_oil,HDV
354,Gasoline,2040,5.434409481,high_oil,HDV
355,Gasoline,2045,5.551828317,high_oil,HDV
356,Gasoline,2050,5.731870227,high_oil,HDV
357,Premium_Gasoline,2020,4.135648719,high_oil,HDV
358,Premium_Gasoline,2025,4.87980997,high_oil,HDV
359,Premium_Gasoline,2030,5.240483615,high_oil,HDV
360,Premium_Gasoline,2035,5.648550076,high_oil,HDV
361,Premium_Gasoline,2040,5.899160255,high_oil,HDV
362,Premium_Gasoline,2045,6.018974435,high_oil,HDV
363,Premium_Gasoline,2050,6.2026892,high_oil,HDV
364,Diesel,2020,3.515036,high_oil,HDV
365,Diesel,2025,4.459592,high_oil,HDV
366,Diesel,2030,4.848112,high_oil,HDV
367,Diesel,2035,5.181689,high_oil,HDV
368,Diesel,2040,5.446475,high_oil,HDV
369,Diesel,2045,5.679237,high_oil,HDV
370,Diesel,2050,5.779764,high_oil,HDV
371,Hydrogen,2020,15.81945753,high_oil,HDV
372,Hydrogen,2025,14.18256721,high_oil,HDV
373,Hydrogen,2030,12.54567688,high_oil,HDV
374,Hydrogen,2035,10.98319066,high_oil,HDV
375,Hydrogen,2040,9.420704447,high_oil,HDV
376,Hydrogen,2045,9.231832487,high_oil,HDV
377,Hydrogen,2050,9.042960526,high_oil,HDV
378,Electric,2020,13.1157268,high_oil,HDV
379,Electric,2025,13.1157268,high_oil,HDV
380,Electric,2030,13.1157268,high_oil,HDV
381,Electric,2035,13.1157268,high_oil,HDV
382,Electric,2040,13.1157268,high_oil,HDV
383,Electric,2045,13.1157268,high_oil,HDV
384,Electric,2050,13.1157268,high_oil,HDV
385,Gas_Electric,2020,10.69746668,high_oil,HDV
386,Gas_Electric,2025,10.88489263,high_oil,HDV
387,Gas_Electric,2030,10.97573262,high_oil,HDV
388,Gas_Electric,2035,11.07850906,high_oil,HDV
389,Gas_Electric,2040,11.14162825,high_oil,HDV
390,Gas_Electric,2045,11.17180489,high_oil,HDV
391,Gas_Electric,2050,11.21807566,high_oil,HDV
392,Premium_Electric,2020,10.80784673,high_oil,HDV
393,Premium_Electric,2025,10.99909618,high_oil,HDV
394,Premium_Electric,2030,11.0917893,high_oil,HDV
395,Premium_Electric,2035,11.19666238,high_oil,HDV
396,Premium_Electric,2040,11.2610692,high_oil,HDV
397,Premium_Electric,2045,11.29186144,high_oil,HDV
398,Premium_Electric,2050,11.33907614,high_oil,HDV
399,Diesel_Electric,2020,10.64834926,high_oil,HDV
400,Diesel_Electric,2025,10.89110016,high_oil,HDV
401,Diesel_Electric,2030,10.9909498,high_oil,HDV
402,Diesel_Electric,2035,11.07667909,high_oil,HDV
403,Diesel_Electric,2040,11.14472909,high_oil,HDV
404,Diesel_Electric,2045,11.20454892,high_oil,HDV
405,Diesel_Electric,2050,11.23038436,high_oil,HDV
406,CNG,2020,2.343527241,high_oil,HDV
407,CNG,2025,2.171430367,high_oil,HDV
408,CNG,2030,2.133824355,high_oil,HDV
409,CNG,2035,2.020613138,high_oil,HDV
410,CNG,2040,1.979503441,high_oil,HDV
411,CNG,2045,1.962823584,high_oil,HDV
412,CNG,2050,1.989259361,high_oil,HDV
413,Biofuel,2020,4.949968626,high_oil,HDV
414,Biofuel,2025,6.020259715,high_oil,HDV
415,Biofuel,2030,6.055763561,high_oil,HDV
416,Biofuel,2035,6.891481041,high_oil,HDV
417,Biofuel,2040,7.007794324,high_oil,HDV
418,Biofuel,2045,6.728480721,high_oil,HDV
419,Biofuel,2050,7.135303817,high_oil,HDV
