﻿ID,Maintenance,Cost,First Service VMT,Repeat VMT,ICE-SI Scaling Factor,ICE-CI Scaling Factor,HEV-CI Scaling Factor,PHEV Scaling Factor,FCEV Scaling factor,BEV Scaling Factor 
0,Oil,50,7500,7500,1,1,1,1,0,0
1,Tires,500,30000,30000,1,1,1,1,1,1
2,Air Filter,50,30000,30000,1,1,1,1,0,0
3,Battery,200,50000,50000,1,1,1,1,1,1
4,Fluids,200,45000,30000,1,1,1,1,0,0
5,Brakes-1,100,45000,45000,1,1,1,1,1,1
6,Belts & Hoses,300,60000,30000,1,1,1,1,1,1
7,Pumps,500,75000,15000,1,1,1,1,0,0
8,Other1,0,1,1,0,0,0,0,0,0
9,Other2,0,1,1,0,0,0,0,0,0
10,Other3,0,1,1,0,0,0,0,0,0
11,Other4,0,1,1,0,0,0,0,0,0
12,Other5,0,1,1,0,0,0,0,0,0
