﻿id,Model Year,Technology,Size,PHEV Utility Factor
0,2020,low,Tractor Sleeper,0.309712081
1,2020,low,Tractor Day Cab,0.326018899
2,2020,low,Class 8 Vocational,0.428716614
3,2020,low,Class 6 Pickup Delivery,0.514274444
4,2020,low,Class 3 Pickup Delivery,0.461207415
5,2020,low,Class 8 Bus,0.548405557
6,2020,low,Class 8 Refuse,0
7,2025,low,Tractor Sleeper,0.310632559
8,2025,low,Tractor Day Cab,0.324275296
9,2025,low,Class 8 Vocational,0.423097548
10,2025,low,Class 6 Pickup Delivery,0.50973912
11,2025,low,Class 3 Pickup Delivery,0.465465184
12,2025,low,Class 8 Bus,0
13,2025,low,Class 8 Refuse,0
14,2030,low,Tractor Sleeper,0.302928332
15,2030,low,Tractor Day Cab,0.314471118
16,2030,low,Class 8 Vocational,0.420006944
17,2030,low,Class 6 Pickup Delivery,0.506747573
18,2030,low,Class 3 Pickup Delivery,0.467796161
19,2030,low,Class 8 Bus,0
20,2030,low,Class 8 Refuse,0
21,2035,low,Tractor Sleeper,0.2991986
22,2035,low,Tractor Day Cab,0.311989636
23,2035,low,Class 8 Vocational,0.418085933
24,2035,low,Class 6 Pickup Delivery,0.503540392
25,2035,low,Class 3 Pickup Delivery,0.4738432
26,2035,low,Class 8 Bus,0
27,2035,low,Class 8 Refuse,0
28,2050,low,Tractor Sleeper,0.297794031
29,2050,low,Tractor Day Cab,0.308089809
30,2050,low,Class 8 Vocational,0.41168057
31,2050,low,Class 6 Pickup Delivery,0.497200177
32,2050,low,Class 3 Pickup Delivery,0.47734019
33,2050,low,Class 8 Bus,0
34,2050,low,Class 8 Refuse,0
35,2020,high,Tractor Sleeper,0.309712081
36,2020,high,Tractor Day Cab,0.326018899
37,2020,high,Class 8 Vocational,0.428716614
38,2020,high,Class 6 Pickup Delivery,0.514274444
39,2020,high,Class 3 Pickup Delivery,0.461207415
40,2020,high,Class 8 Bus,0.548405557
41,2020,high,Class 8 Refuse,0
42,2025,high,Tractor Sleeper,0.306857433
43,2025,high,Tractor Day Cab,0.315995229
44,2025,high,Class 8 Vocational,0.402323779
45,2025,high,Class 6 Pickup Delivery,0.471806164
46,2025,high,Class 3 Pickup Delivery,0.463549322
47,2025,high,Class 8 Bus,0
48,2025,high,Class 8 Refuse,0
49,2030,high,Tractor Sleeper,0.294201376
50,2030,high,Tractor Day Cab,0.304586479
51,2030,high,Class 8 Vocational,0.396707366
52,2030,high,Class 6 Pickup Delivery,0.470249395
53,2030,high,Class 3 Pickup Delivery,0.474482966
54,2030,high,Class 8 Bus,0
55,2030,high,Class 8 Refuse,0
56,2035,high,Tractor Sleeper,0.289195028
57,2035,high,Tractor Day Cab,0.298069881
58,2035,high,Class 8 Vocational,0.390700487
59,2035,high,Class 6 Pickup Delivery,0.471159932
60,2035,high,Class 3 Pickup Delivery,0.479407093
61,2035,high,Class 8 Bus,0
62,2035,high,Class 8 Refuse,0
63,2050,high,Tractor Sleeper,0.283931165
64,2050,high,Tractor Day Cab,0.292019468
65,2050,high,Class 8 Vocational,0.38781348
66,2050,high,Class 6 Pickup Delivery,0.478632522
67,2050,high,Class 3 Pickup Delivery,0.488138955
68,2050,high,Class 8 Bus,0
69,2050,high,Class 8 Refuse,0
