﻿ID,Repair activity,Cost,First service VMT,Repeat VMT,ICE-SI Scaling Factor,ICE-CI Scaling Factor,HEV-SI Scaling Factor,PHEV Scaling Factor,FCEV Scaling Factor,BEV Scaling Factor
0,Brakes-2,1000,75000,75000,1,1,1,1,1,1
1,Transmission,4000,100000,100000,1,1,1,1,0,0
2,Engine,6000,180000,180000,1,1,1,1,0,0
3,HV Battery,20000,150000,150000,0,0,0,0.2,0,1
4,FC stack,12000,180000,180000,0,0,0,0,1,0
5,Body,5,1000,1000,1,1,1,1,1,1
6,Other2,0,1,1,0,0,0,0,0,0
7,Other3,0,1,1,0,0,0,0,0,0
8,Other4,0,1,1,0,0,0,0,0,0
9,Other5,0,1,1,0,0,0,0,0,0
10,Other6,0,1,1,0,0,0,0,0,0
11,Other7,0,1,1,0,0,0,0,0,0
12,Other8,0,1,1,0,0,0,0,0,0
