﻿id,Model Year,Technology,Size,Powertrain,Vehicle Weight
0,2020,low,Compact sedan,ICE-SI,3234.17754
1,2020,low,Compact sedan,ICE-CI,3344.40854
2,2020,low,Compact sedan,HEV-SI,3337.79468
3,2020,low,Compact sedan,PHEV,3838.24342
4,2020,low,Compact sedan,FCEV,3423.77486
5,2020,low,Compact sedan,BEV,3586.91674
6,2020,low,Midsize sedan,ICE-SI,3840.44804
7,2020,low,Midsize sedan,ICE-CI,3944.06518
8,2020,low,Midsize sedan,HEV-SI,3893.35892
9,2020,low,Midsize sedan,PHEV,4433.49082
10,2020,low,Midsize sedan,FCEV,4038.86384
11,2020,low,Midsize sedan,BEV,4157.91332
12,2020,low,Small SUV,ICE-SI,3924.2236
13,2020,low,Small SUV,ICE-CI,4019.02226
14,2020,low,Small SUV,HEV-SI,4003.58992
15,2020,low,Small SUV,PHEV,4609.86042
16,2020,low,Small SUV,FCEV,4168.93642
17,2020,low,Small SUV,BEV,4347.51064
18,2020,low,Medium SUV,ICE-SI,4146.89022
19,2020,low,Medium SUV,ICE-CI,4252.71198
20,2020,low,Medium SUV,HEV-SI,4274.75818
21,2020,low,Medium SUV,PHEV,4931.73494
22,2020,low,Medium SUV,FCEV,4433.49082
23,2020,low,Medium SUV,BEV,4669.38516
24,2020,low,Pickup,ICE-SI,4737.72838
25,2020,low,Pickup,ICE-CI,4874.41482
26,2020,low,Pickup,HEV-SI,4821.50394
27,2020,low,Pickup,PHEV,5579.89322
28,2020,low,Pickup,FCEV,5172.03852
29,2020,low,Pickup,BEV,5260.22332
30,2020,low,Luxury compact,ICE-SI,3496.52732
31,2020,low,Luxury compact,ICE-CI,3608.96294
32,2020,low,Luxury compact,HEV-SI,3569.27978
33,2020,low,Luxury compact,PHEV,4096.18396
34,2020,low,Luxury compact,FCEV,3708.17084
35,2020,low,Luxury compact,BEV,3802.9695
36,2020,low,Luxury midsize car,ICE-SI,4116.02554
37,2020,low,Luxury midsize car,ICE-CI,4257.12122
38,2020,low,Luxury midsize car,HEV-SI,4157.91332
39,2020,low,Luxury midsize car,PHEV,4733.31914
40,2020,low,Luxury midsize car,FCEV,4457.74164
41,2020,low,Luxury midsize car,BEV,4343.1014
42,2020,low,Luxury small SUV,ICE-SI,4237.27964
43,2020,low,Luxury small SUV,ICE-CI,4351.91988
44,2020,low,Luxury small SUV,HEV-SI,4325.46444
45,2020,low,Luxury small SUV,PHEV,4960.395
46,2020,low,Luxury small SUV,FCEV,4563.5634
47,2020,low,Luxury small SUV,BEV,4601.04194
48,2020,low,Luxury medium SUV,ICE-SI,4784.0254
49,2020,low,Luxury medium SUV,ICE-CI,4927.3257
50,2020,low,Luxury medium SUV,HEV-SI,4892.05178
51,2020,low,Luxury medium SUV,PHEV,5606.34866
52,2020,low,Luxury medium SUV,FCEV,5220.54016
53,2020,low,Luxury medium SUV,BEV,5251.40484
54,2020,low,Luxury pickup,ICE-SI,5449.82064
55,2020,low,Luxury pickup,ICE-CI,5626.19024
56,2020,low,Luxury pickup,HEV-SI,5504.93614
57,2020,low,Luxury pickup,PHEV,6298.59934
58,2020,low,Luxury pickup,FCEV,5956.88324
59,2020,low,Luxury pickup,BEV,6007.5895
60,2020,low,Tractor Sleeper,ICE-SI,0
61,2020,low,Tractor Sleeper,ICE-CI,67140.29727
62,2020,low,Tractor Sleeper,HEV-SI,67753.45726
63,2020,low,Tractor Sleeper,PHEV,76664.028
64,2020,low,Tractor Sleeper,FCEV,69669.78375
65,2020,low,Tractor Sleeper,BEV,81567.1529
66,2020,low,Tractor Day cab,ICE-SI,0
67,2020,low,Tractor Day cab,ICE-CI,64752.57339
68,2020,low,Tractor Day cab,HEV-SI,65290.5021
69,2020,low,Tractor Day cab,PHEV,70078.18121
70,2020,low,Tractor Day cab,FCEV,66347.68746
71,2020,low,Tractor Day cab,BEV,70713.87739
72,2020,low,Class 8 Vocational,ICE-SI,0
73,2020,low,Class 8 Vocational,ICE-CI,41320.26019
74,2020,low,Class 8 Vocational,HEV-SI,42160.69673
75,2020,low,Class 8 Vocational,PHEV,46351.80733
76,2020,low,Class 8 Vocational,FCEV,42902.55357
77,2020,low,Class 8 Vocational,BEV,46402.94738
78,2020,low,Class 6 Pickup Delivery,ICE-SI,0
79,2020,low,Class 6 Pickup Delivery,ICE-CI,23012.63143
80,2020,low,Class 6 Pickup Delivery,HEV-SI,23903.27636
81,2020,low,Class 6 Pickup Delivery,PHEV,26518.6218
82,2020,low,Class 6 Pickup Delivery,FCEV,24130.4841
83,2020,low,Class 6 Pickup Delivery,BEV,25273.42595
84,2020,low,Class 3 Pickup Delivery,ICE-SI,0
85,2020,low,Class 3 Pickup Delivery,ICE-CI,15077.56805
86,2020,low,Class 3 Pickup Delivery,HEV-SI,14189.50837
87,2020,low,Class 3 Pickup Delivery,PHEV,15712.09607
88,2020,low,Class 3 Pickup Delivery,FCEV,13769.14132
89,2020,low,Class 3 Pickup Delivery,BEV,14593.71781
90,2020,low,Class 8 Bus,ICE-SI,0
91,2020,low,Class 8 Bus,ICE-CI,35576.0427
92,2020,low,Class 8 Bus,HEV-SI,36943.7641
93,2020,low,Class 8 Bus,PHEV,39012.15846
94,2020,low,Class 8 Bus,FCEV,36305.83559
95,2020,low,Class 8 Bus,BEV,38479.14475
96,2020,low,Class 8 Refuse,ICE-SI,0
97,2020,low,Class 8 Refuse,ICE-CI,54061.68078
98,2020,low,Class 8 Refuse,HEV-SI,54845.28943
99,2020,low,Class 8 Refuse,PHEV,0
100,2020,low,Class 8 Refuse,FCEV,0
101,2020,low,Class 8 Refuse,BEV,57476.59993
102,2025,low,Compact sedan,ICE-SI,3218.7452
103,2025,low,Compact sedan,ICE-CI,3324.56696
104,2025,low,Compact sedan,HEV-SI,3240.7914
105,2025,low,Compact sedan,PHEV,3582.5075
106,2025,low,Compact sedan,FCEV,3300.31614
107,2025,low,Compact sedan,BEV,3456.84416
108,2025,low,Midsize sedan,ICE-SI,3694.94312
109,2025,low,Midsize sedan,ICE-CI,3789.74178
110,2025,low,Midsize sedan,HEV-SI,3668.48768
111,2025,low,Midsize sedan,PHEV,4032.24998
112,2025,low,Midsize sedan,FCEV,3765.49096
113,2025,low,Midsize sedan,BEV,3882.33582
114,2025,low,Small SUV,ICE-SI,3807.37874
115,2025,low,Small SUV,ICE-CI,3899.97278
116,2025,low,Small SUV,HEV-SI,3805.17412
117,2025,low,Small SUV,PHEV,4213.02882
118,2025,low,Small SUV,FCEV,3930.83746
119,2025,low,Small SUV,BEV,4098.38858
120,2025,low,Medium SUV,ICE-SI,3899.97278
121,2025,low,Medium SUV,ICE-CI,3999.18068
122,2025,low,Medium SUV,HEV-SI,3944.06518
123,2025,low,Medium SUV,PHEV,4384.98918
124,2025,low,Medium SUV,FCEV,4045.4777
125,2025,low,Medium SUV,BEV,4272.55356
126,2025,low,Pickup,ICE-SI,4437.90006
127,2025,low,Pickup,ICE-CI,4556.94954
128,2025,low,Pickup,HEV-SI,4435.69544
129,2025,low,Pickup,PHEV,4929.53032
130,2025,low,Pickup,FCEV,4698.04522
131,2025,low,Pickup,BEV,4797.25312
132,2025,low,Luxury compact,ICE-SI,3476.68574
133,2025,low,Luxury compact,ICE-CI,3582.5075
134,2025,low,Luxury compact,HEV-SI,3465.66264
135,2025,low,Luxury compact,PHEV,3825.0157
136,2025,low,Luxury compact,FCEV,3575.89364
137,2025,low,Luxury compact,BEV,3664.07844
138,2025,low,Luxury midsize car,ICE-SI,3961.70214
139,2025,low,Luxury midsize car,ICE-CI,4091.77472
140,2025,low,Luxury midsize car,HEV-SI,3922.01898
141,2025,low,Luxury midsize car,PHEV,4299.009
142,2025,low,Luxury midsize car,FCEV,4153.50408
143,2025,low,Luxury midsize car,BEV,4058.70542
144,2025,low,Luxury small SUV,ICE-SI,4109.41168
145,2025,low,Luxury small SUV,ICE-CI,4217.43806
146,2025,low,Luxury small SUV,HEV-SI,4113.82092
147,2025,low,Luxury small SUV,PHEV,4537.10796
148,2025,low,Luxury small SUV,FCEV,4296.80438
149,2025,low,Luxury small SUV,BEV,4340.89678
150,2025,low,Luxury medium SUV,ICE-SI,4484.19708
151,2025,low,Luxury medium SUV,ICE-CI,4605.45118
152,2025,low,Luxury medium SUV,HEV-SI,4508.4479
153,2025,low,Luxury medium SUV,PHEV,4973.62272
154,2025,low,Luxury medium SUV,FCEV,4748.75148
155,2025,low,Luxury medium SUV,BEV,4797.25312
156,2025,low,Luxury pickup,ICE-SI,5079.44448
157,2025,low,Luxury pickup,ICE-CI,5231.56326
158,2025,low,Luxury pickup,HEV-SI,5046.37518
159,2025,low,Luxury pickup,PHEV,5562.25626
160,2025,low,Luxury pickup,FCEV,5388.09128
161,2025,low,Luxury pickup,BEV,5463.04836
162,2025,low,Tractor Sleeper,ICE-SI,0
163,2025,low,Tractor Sleeper,ICE-CI,66698.49853
164,2025,low,Tractor Sleeper,HEV-SI,66988.9235
165,2025,low,Tractor Sleeper,PHEV,74260.92229
166,2025,low,Tractor Sleeper,FCEV,68535.77569
167,2025,low,Tractor Sleeper,BEV,77412.32674
168,2025,low,Tractor Day cab,ICE-SI,0
169,2025,low,Tractor Day cab,ICE-CI,64511.14908
170,2025,low,Tractor Day cab,HEV-SI,64769.0282
171,2025,low,Tractor Day cab,PHEV,68731.80182
172,2025,low,Tractor Day cab,FCEV,65112.7557
173,2025,low,Tractor Day cab,BEV,68528.15755
174,2025,low,Class 8 Vocational,ICE-SI,0
175,2025,low,Class 8 Vocational,ICE-CI,41083.56516
176,2025,low,Class 8 Vocational,HEV-SI,41434.66558
177,2025,low,Class 8 Vocational,PHEV,45202.47873
178,2025,low,Class 8 Vocational,FCEV,41980.24914
179,2025,low,Class 8 Vocational,BEV,44763.41841
180,2025,low,Class 6 Pickup Delivery,ICE-SI,0
181,2025,low,Class 6 Pickup Delivery,ICE-CI,22966.54764
182,2025,low,Class 6 Pickup Delivery,HEV-SI,23375.6276
183,2025,low,Class 6 Pickup Delivery,PHEV,25884.69118
184,2025,low,Class 6 Pickup Delivery,FCEV,23436.2406
185,2025,low,Class 6 Pickup Delivery,BEV,24476.17729
186,2025,low,Class 3 Pickup Delivery,ICE-SI,0
187,2025,low,Class 3 Pickup Delivery,ICE-CI,15013.22518
188,2025,low,Class 3 Pickup Delivery,HEV-SI,13780.88897
189,2025,low,Class 3 Pickup Delivery,PHEV,15241.73887
190,2025,low,Class 3 Pickup Delivery,FCEV,13267.28175
191,2025,low,Class 3 Pickup Delivery,BEV,13994.15612
192,2025,low,Class 8 Bus,ICE-SI,0
193,2025,low,Class 8 Bus,ICE-CI,0
194,2025,low,Class 8 Bus,HEV-SI,0
195,2025,low,Class 8 Bus,PHEV,0
196,2025,low,Class 8 Bus,FCEV,0
197,2025,low,Class 8 Bus,BEV,0
198,2025,low,Class 8 Refuse,ICE-SI,0
199,2025,low,Class 8 Refuse,ICE-CI,0
200,2025,low,Class 8 Refuse,HEV-SI,0
201,2025,low,Class 8 Refuse,PHEV,0
202,2025,low,Class 8 Refuse,FCEV,0
203,2025,low,Class 8 Refuse,BEV,0
204,2030,low,Compact sedan,ICE-SI,3183.47128
205,2030,low,Compact sedan,ICE-CI,3293.70228
206,2030,low,Compact sedan,HEV-SI,3203.31286
207,2030,low,Compact sedan,PHEV,3518.57352
208,2030,low,Compact sedan,FCEV,3256.22374
209,2030,low,Compact sedan,BEV,3231.97292
210,2030,low,Midsize sedan,ICE-SI,3633.21376
211,2030,low,Midsize sedan,ICE-CI,3736.8309
212,2030,low,Midsize sedan,HEV-SI,3604.5537
213,2030,low,Midsize sedan,PHEV,3937.45132
214,2030,low,Midsize sedan,FCEV,3694.94312
215,2030,low,Midsize sedan,BEV,3619.98604
216,2030,low,Small SUV,ICE-SI,3721.39856
217,2030,low,Small SUV,ICE-CI,3825.0157
218,2030,low,Small SUV,HEV-SI,3723.60318
219,2030,low,Small SUV,PHEV,4091.77472
220,2030,low,Small SUV,FCEV,3831.62956
221,2030,low,Small SUV,BEV,3783.12792
222,2030,low,Medium SUV,ICE-SI,3853.67576
223,2030,low,Medium SUV,ICE-CI,3959.49752
224,2030,low,Medium SUV,HEV-SI,3899.97278
225,2030,low,Medium SUV,PHEV,4299.009
226,2030,low,Medium SUV,FCEV,3988.15758
227,2030,low,Medium SUV,BEV,3974.92986
228,2030,low,Pickup,ICE-SI,4334.28292
229,2030,low,Pickup,ICE-CI,4462.15088
230,2030,low,Pickup,HEV-SI,4329.87368
231,2030,low,Pickup,PHEV,4779.61616
232,2030,low,Pickup,FCEV,4574.5865
233,2030,low,Pickup,BEV,4400.42152
234,2030,low,Luxury compact,ICE-SI,3430.38872
235,2030,low,Luxury compact,ICE-CI,3549.4382
236,2030,low,Luxury compact,HEV-SI,3425.97948
237,2030,low,Luxury compact,PHEV,3756.67248
238,2030,low,Luxury compact,FCEV,3527.392
239,2030,low,Luxury compact,BEV,3428.1841
240,2030,low,Luxury midsize car,ICE-SI,3886.74506
241,2030,low,Luxury midsize car,ICE-CI,4032.24998
242,2030,low,Luxury midsize car,HEV-SI,3851.47114
243,2030,low,Luxury midsize car,PHEV,4199.8011
244,2030,low,Luxury midsize car,FCEV,4069.72852
245,2030,low,Luxury midsize car,BEV,3783.12792
246,2030,low,Luxury small SUV,ICE-SI,4010.20378
247,2030,low,Luxury small SUV,ICE-CI,4135.86712
248,2030,low,Luxury small SUV,HEV-SI,4021.22688
249,2030,low,Luxury small SUV,PHEV,4409.24
250,2030,low,Luxury small SUV,FCEV,4188.778
251,2030,low,Luxury small SUV,BEV,4007.99916
252,2030,low,Luxury medium SUV,ICE-SI,4422.46772
253,2030,low,Luxury medium SUV,ICE-CI,4556.94954
254,2030,low,Luxury medium SUV,HEV-SI,4448.92316
255,2030,low,Luxury medium SUV,PHEV,4872.2102
256,2030,low,Luxury medium SUV,FCEV,4680.40826
257,2030,low,Luxury medium SUV,BEV,4475.3786
258,2030,low,Luxury pickup,ICE-SI,4964.80424
259,2030,low,Luxury pickup,ICE-CI,5119.12764
260,2030,low,Luxury pickup,HEV-SI,4920.71184
261,2030,low,Luxury pickup,PHEV,5385.88666
262,2030,low,Luxury pickup,FCEV,5242.58636
263,2030,low,Luxury pickup,BEV,5022.12436
264,2030,low,Tractor Sleeper,ICE-SI,0
265,2030,low,Tractor Sleeper,ICE-CI,66560.80189
266,2030,low,Tractor Sleeper,HEV-SI,66490.08681
267,2030,low,Tractor Sleeper,PHEV,72784.58863
268,2030,low,Tractor Sleeper,FCEV,67661.29851
269,2030,low,Tractor Sleeper,BEV,75266.88504
270,2030,low,Tractor Day cab,ICE-SI,0
271,2030,low,Tractor Day cab,ICE-CI,64417.12311
272,2030,low,Tractor Day cab,HEV-SI,64321.41951
273,2030,low,Tractor Day cab,PHEV,67783.29105
274,2030,low,Tractor Day cab,FCEV,64230.62947
275,2030,low,Tractor Day cab,BEV,67155.30287
276,2030,low,Class 8 Vocational,ICE-SI,0
277,2030,low,Class 8 Vocational,ICE-CI,41048.41733
278,2030,low,Class 8 Vocational,HEV-SI,40871.04832
279,2030,low,Class 8 Vocational,PHEV,44392.60094
280,2030,low,Class 8 Vocational,FCEV,41201.43802
281,2030,low,Class 8 Vocational,BEV,43705.41642
282,2030,low,Class 6 - Pickup/Delivery,ICE-SI,0
283,2030,low,Class 6 Pickup Delivery,ICE-CI,23082.83955
284,2030,low,Class 6 Pickup Delivery,HEV-SI,22965.04634
285,2030,low,Class 6 Pickup Delivery,PHEV,25398.90631
286,2030,low,Class 6 Pickup Delivery,FCEV,22873.9766
287,2030,low,Class 6 Pickup Delivery,BEV,23878.33599
288,2030,low,Class 3 Pickup Delivery,ICE-SI,0
289,2030,low,Class 3 Pickup Delivery,ICE-CI,15187.05567
290,2030,low,Class 3 Pickup Delivery,HEV-SI,13491.59106
291,2030,low,Class 3 Pickup Delivery,PHEV,14977.66942
292,2030,low,Class 3 Pickup Delivery,FCEV,12914.93419
293,2030,low,Class 3 Pickup Delivery,BEV,13587.02869
294,2030,low,Class 8 Bus,ICE-SI,0
295,2030,low,Class 8 Bus,ICE-CI,0
296,2030,low,Class 8 Bus,HEV-SI,0
297,2030,low,Class 8 Bus,PHEV,0
298,2030,low,Class 8 Bus,FCEV,0
299,2030,low,Class 8 Bus,BEV,0
300,2030,low,Class 8 Refuse,ICE-SI,0
301,2030,low,Class 8 Refuse,ICE-CI,54312.30309
302,2030,low,Class 8 Refuse,HEV-SI,0
303,2030,low,Class 8 Refuse,PHEV,0
304,2030,low,Class 8 Refuse,FCEV,0
305,2030,low,Class 8 Refuse,BEV,0
306,2035,low,Compact sedan,ICE-SI,3181.26666
307,2035,low,Compact sedan,ICE-CI,3293.70228
308,2035,low,Compact sedan,HEV-SI,3198.90362
309,2035,low,Compact sedan,PHEV,3472.2765
310,2035,low,Compact sedan,FCEV,3214.33596
311,2035,low,Compact sedan,BEV,3198.90362
312,2035,low,Midsize sedan,ICE-SI,3633.21376
313,2035,low,Midsize sedan,ICE-CI,3736.8309
314,2035,low,Midsize sedan,HEV-SI,3600.14446
315,2035,low,Midsize sedan,PHEV,3888.94968
316,2035,low,Midsize sedan,FCEV,3650.85072
317,2035,low,Midsize sedan,BEV,3591.32598
318,2035,low,Small SUV,ICE-SI,3608.96294
319,2035,low,Small SUV,ICE-CI,3710.37546
320,2035,low,Small SUV,HEV-SI,3604.5537
321,2035,low,Small SUV,PHEV,3924.2236
322,2035,low,Small SUV,FCEV,3653.05534
323,2035,low,Small SUV,BEV,3615.5768
324,2035,low,Medium SUV,ICE-SI,3730.21704
325,2035,low,Medium SUV,ICE-CI,3838.24342
326,2035,low,Medium SUV,HEV-SI,3774.30944
327,2035,low,Medium SUV,PHEV,4116.02554
328,2035,low,Medium SUV,FCEV,3800.76488
329,2035,low,Medium SUV,BEV,3791.9464
330,2035,low,Pickup,ICE-SI,4237.27964
331,2035,low,Pickup,ICE-CI,4365.1476
332,2035,low,Pickup,HEV-SI,4228.46116
333,2035,low,Pickup,PHEV,4612.06504
334,2035,low,Pickup,FCEV,4396.01228
335,2035,low,Pickup,BEV,4217.43806
336,2035,low,Luxury compact,ICE-SI,3430.38872
337,2035,low,Luxury compact,ICE-CI,3547.23358
338,2035,low,Luxury compact,HEV-SI,3423.77486
339,2035,low,Luxury compact,PHEV,3712.58008
340,2035,low,Luxury compact,FCEV,3481.09498
341,2035,low,Luxury compact,BEV,3397.31942
342,2035,low,Luxury midsize car,ICE-SI,3884.54044
343,2035,low,Luxury midsize car,ICE-CI,4030.04536
344,2035,low,Luxury midsize car,HEV-SI,3847.0619
345,2035,low,Luxury midsize car,PHEV,4151.29946
346,2035,low,Luxury midsize car,FCEV,4014.61302
347,2035,low,Luxury midsize car,BEV,3754.46786
348,2035,low,Luxury small SUV,ICE-SI,3888.94968
349,2035,low,Luxury small SUV,ICE-CI,4012.4084
350,2035,low,Luxury small SUV,HEV-SI,3891.1543
351,2035,low,Luxury small SUV,PHEV,4224.05192
352,2035,low,Luxury small SUV,FCEV,3992.56682
353,2035,low,Luxury small SUV,BEV,3836.0388
354,2035,low,Luxury medium SUV,ICE-SI,4281.37204
355,2035,low,Luxury medium SUV,ICE-CI,4415.85386
356,2035,low,Luxury medium SUV,HEV-SI,4301.21362
357,2035,low,Luxury medium SUV,PHEV,4664.97592
358,2035,low,Luxury medium SUV,FCEV,4448.92316
359,2035,low,Luxury medium SUV,BEV,4274.75818
360,2035,low,Luxury pickup,ICE-SI,4850.164
361,2035,low,Luxury pickup,ICE-CI,5002.28278
362,2035,low,Luxury pickup,HEV-SI,4799.45774
363,2035,low,Luxury pickup,PHEV,5196.28934
364,2035,low,Luxury pickup,FCEV,5037.5567
365,2035,low,Luxury pickup,BEV,4834.73166
366,2035,low,Tractor Sleeper,ICE-SI,0
367,2035,low,Tractor Sleeper,ICE-CI,66676.48069
368,2035,low,Tractor Sleeper,HEV-SI,66373.81951
369,2035,low,Tractor Sleeper,PHEV,71888.80078
370,2035,low,Tractor Sleeper,FCEV,67255.8435
371,2035,low,Tractor Sleeper,BEV,73635.75684
372,2035,low,Tractor Day cab,ICE-SI,0
373,2035,low,Tractor Day cab,ICE-CI,64339.46536
374,2035,low,Tractor Day cab,HEV-SI,64013.23075
375,2035,low,Tractor Day cab,PHEV,67005.50888
376,2035,low,Tractor Day cab,FCEV,63646.53579
377,2035,low,Tractor Day cab,BEV,66126.6712
378,2035,low,Class 8 Vocational,ICE-SI,0
379,2035,low,Class 8 Vocational,ICE-CI,41018.23077
380,2035,low,Class 8 Vocational,HEV-SI,40473.11463
381,2035,low,Class 8 Vocational,PHEV,43699.75486
382,2035,low,Class 8 Vocational,FCEV,40671.52593
383,2035,low,Class 8 Vocational,BEV,42859.23361
384,2035,low,Class 6 Pickup Delivery,ICE-SI,0
385,2035,low,Class 6 Pickup Delivery,ICE-CI,23195.34393
386,2035,low,Class 6 Pickup Delivery,HEV-SI,22716.5031
387,2035,low,Class 6 Pickup Delivery,PHEV,25077.28554
388,2035,low,Class 6 Pickup Delivery,FCEV,22497.99066
389,2035,low,Class 6 Pickup Delivery,BEV,23421.12782
390,2035,low,Class 3 Pickup Delivery,ICE-SI,0
391,2035,low,Class 3 Pickup Delivery,ICE-CI,15357.16063
392,2035,low,Class 3 Pickup Delivery,HEV-SI,13285.99254
393,2035,low,Class 3 Pickup Delivery,PHEV,14607.48763
394,2035,low,Class 3 Pickup Delivery,FCEV,12669.95657
395,2035,low,Class 3 Pickup Delivery,BEV,13262.47021
396,2035,low,Class 8 Bus,ICE-SI,0
397,2035,low,Class 8 Bus,ICE-CI,0
398,2035,low,Class 8 Bus,HEV-SI,0
399,2035,low,Class 8 Bus,PHEV,0
400,2035,low,Class 8 Bus,FCEV,0
401,2035,low,Class 8 Bus,BEV,0
402,2035,low,Class 8 Refuse,ICE-SI,0
403,2035,low,Class 8 Refuse,ICE-CI,0
404,2035,low,Class 8 Refuse,HEV-SI,0
405,2035,low,Class 8 Refuse,PHEV,0
406,2035,low,Class 8 Refuse,FCEV,0
407,2035,low,Class 8 Refuse,BEV,0
408,2050,low,Compact sedan,ICE-SI,3181.26666
409,2050,low,Compact sedan,ICE-CI,3291.49766
410,2050,low,Compact sedan,HEV-SI,3196.699
411,2050,low,Compact sedan,PHEV,3434.79796
412,2050,low,Compact sedan,FCEV,3181.26666
413,2050,low,Compact sedan,BEV,3097.4911
414,2050,low,Midsize sedan,ICE-SI,3631.00914
415,2050,low,Midsize sedan,ICE-CI,3734.62628
416,2050,low,Midsize sedan,HEV-SI,3597.93984
417,2050,low,Midsize sedan,PHEV,3849.26652
418,2050,low,Midsize sedan,FCEV,3611.16756
419,2050,low,Midsize sedan,BEV,3472.2765
420,2050,low,Small SUV,ICE-SI,3494.3227
421,2050,low,Small SUV,ICE-CI,3597.93984
422,2050,low,Small SUV,HEV-SI,3487.70884
423,2050,low,Small SUV,PHEV,3758.8771
424,2050,low,Small SUV,FCEV,3489.91346
425,2050,low,Small SUV,BEV,3373.0686
426,2050,low,Medium SUV,ICE-SI,3611.16756
427,2050,low,Medium SUV,ICE-CI,3721.39856
428,2050,low,Medium SUV,HEV-SI,3646.44148
429,2050,low,Medium SUV,PHEV,3939.65594
430,2050,low,Medium SUV,FCEV,3622.19066
431,2050,low,Medium SUV,BEV,3534.00586
432,2050,low,Pickup,ICE-SI,4093.97934
433,2050,low,Pickup,ICE-CI,4219.64268
434,2050,low,Pickup,HEV-SI,4080.75162
435,2050,low,Pickup,PHEV,4404.83076
436,2050,low,Pickup,FCEV,4173.34566
437,2050,low,Pickup,BEV,3915.40512
438,2050,low,Luxury compact,ICE-SI,3428.1841
439,2050,low,Luxury compact,ICE-CI,3547.23358
440,2050,low,Luxury compact,HEV-SI,3421.57024
441,2050,low,Luxury compact,PHEV,3668.48768
442,2050,low,Luxury compact,FCEV,3443.61644
443,2050,low,Luxury compact,BEV,3287.08842
444,2050,low,Luxury midsize car,ICE-SI,3882.33582
445,2050,low,Luxury midsize car,ICE-CI,4027.84074
446,2050,low,Luxury midsize car,HEV-SI,3842.65266
447,2050,low,Luxury midsize car,PHEV,4107.20706
448,2050,low,Luxury midsize car,FCEV,3963.90676
449,2050,low,Luxury midsize car,BEV,3628.80452
450,2050,low,Luxury small SUV,ICE-SI,3767.69558
451,2050,low,Luxury small SUV,ICE-CI,3888.94968
452,2050,low,Luxury small SUV,HEV-SI,3767.69558
453,2050,low,Luxury small SUV,PHEV,4052.09156
454,2050,low,Luxury small SUV,FCEV,3809.58336
455,2050,low,Luxury small SUV,BEV,3582.5075
456,2050,low,Luxury medium SUV,ICE-SI,4140.27636
457,2050,low,Luxury medium SUV,ICE-CI,4270.34894
458,2050,low,Luxury medium SUV,HEV-SI,4151.29946
459,2050,low,Luxury medium SUV,PHEV,4466.56012
460,2050,low,Luxury medium SUV,FCEV,4237.27964
461,2050,low,Luxury medium SUV,BEV,3983.74834
462,2050,low,Luxury pickup,ICE-SI,4682.61288
463,2050,low,Luxury pickup,ICE-CI,4830.32242
464,2050,low,Luxury pickup,HEV-SI,4623.08814
465,2050,low,Luxury pickup,PHEV,4958.19038
466,2050,low,Luxury pickup,FCEV,4784.0254
467,2050,low,Luxury pickup,BEV,4490.81094
468,2050,low,Tractor Sleeper,ICE-SI,0
469,2050,low,Tractor Sleeper,ICE-CI,66298.21856
470,2050,low,Tractor Sleeper,HEV-SI,65904.75024
471,2050,low,Tractor Sleeper,PHEV,70297.75309
472,2050,low,Tractor Sleeper,FCEV,66459.31448
473,2050,low,Tractor Sleeper,BEV,71166.96555
474,2050,low,Tractor Day cab,ICE-SI,0
475,2050,low,Tractor Day cab,ICE-CI,63988.88721
476,2050,low,Tractor Day cab,HEV-SI,63577.07127
477,2050,low,Tractor Day cab,PHEV,65793.60032
478,2050,low,Tractor Day cab,FCEV,62984.06877
479,2050,low,Tractor Day cab,BEV,64564.95893
480,2050,low,Class 8 Vocational,ICE-SI,0
481,2050,low,Class 8 Vocational,ICE-CI,40682.38162
482,2050,low,Class 8 Vocational,HEV-SI,40003.56281
483,2050,low,Class 8 Vocational,PHEV,42711.36769
484,2050,low,Class 8 Vocational,FCEV,40018.64014
485,2050,low,Class 8 Vocational,BEV,41586.28604
486,2050,low,Class 6 Pickup Delivery,ICE-SI,0
487,2050,low,Class 6 Pickup Delivery,ICE-CI,23096.28528
488,2050,low,Class 6 Pickup Delivery,HEV-SI,22500.86318
489,2050,low,Class 6 Pickup Delivery,PHEV,24528.32963
490,2050,low,Class 6 Pickup Delivery,FCEV,22162.35238
491,2050,low,Class 6 Pickup Delivery,BEV,22752.14153
492,2050,low,Class 3 Pickup Delivery,ICE-SI,0
493,2050,low,Class 3 Pickup Delivery,ICE-CI,15373.87762
494,2050,low,Class 3 Pickup Delivery,HEV-SI,13116.35966
495,2050,low,Class 3 Pickup Delivery,PHEV,14295.66255
496,2050,low,Class 3 Pickup Delivery,FCEV,12433.51536
497,2050,low,Class 3 Pickup Delivery,BEV,12799.94937
498,2050,low,Class 8 Bus,ICE-SI,0
499,2050,low,Class 8 Bus,ICE-CI,0
500,2050,low,Class 8 Bus,HEV-SI,0
501,2050,low,Class 8 Bus,PHEV,0
502,2050,low,Class 8 Bus,FCEV,0
503,2050,low,Class 8 Bus,BEV,0
504,2050,low,Class 8 Refuse,ICE-SI,0
505,2050,low,Class 8 Refuse,ICE-CI,53241.04533
506,2050,low,Class 8 Refuse,HEV-SI,0
507,2050,low,Class 8 Refuse,PHEV,0
508,2050,low,Class 8 Refuse,FCEV,0
509,2050,low,Class 8 Refuse,BEV,0
510,2020,high,Compact sedan,ICE-SI,3234.17754
511,2020,high,Compact sedan,ICE-CI,3344.40854
512,2020,high,Compact sedan,HEV-SI,3337.79468
513,2020,high,Compact sedan,PHEV,3838.24342
514,2020,high,Compact sedan,FCEV,3423.77486
515,2020,high,Compact sedan,BEV,3586.91674
516,2020,high,Midsize sedan,ICE-SI,3840.44804
517,2020,high,Midsize sedan,ICE-CI,3944.06518
518,2020,high,Midsize sedan,HEV-SI,3893.35892
519,2020,high,Midsize sedan,PHEV,4433.49082
520,2020,high,Midsize sedan,FCEV,4038.86384
521,2020,high,Midsize sedan,BEV,4157.91332
522,2020,high,Small SUV,ICE-SI,3924.2236
523,2020,high,Small SUV,ICE-CI,4019.02226
524,2020,high,Small SUV,HEV-SI,4003.58992
525,2020,high,Small SUV,PHEV,4609.86042
526,2020,high,Small SUV,FCEV,4168.93642
527,2020,high,Small SUV,BEV,4347.51064
528,2020,high,Medium SUV,ICE-SI,4146.89022
529,2020,high,Medium SUV,ICE-CI,4252.71198
530,2020,high,Medium SUV,HEV-SI,4274.75818
531,2020,high,Medium SUV,PHEV,4931.73494
532,2020,high,Medium SUV,FCEV,4433.49082
533,2020,high,Medium SUV,BEV,4669.38516
534,2020,high,Pickup,ICE-SI,4737.72838
535,2020,high,Pickup,ICE-CI,4874.41482
536,2020,high,Pickup,HEV-SI,4821.50394
537,2020,high,Pickup,PHEV,5579.89322
538,2020,high,Pickup,FCEV,5172.03852
539,2020,high,Pickup,BEV,5260.22332
540,2020,high,Luxury compact,ICE-SI,3496.52732
541,2020,high,Luxury compact,ICE-CI,3608.96294
542,2020,high,Luxury compact,HEV-SI,3569.27978
543,2020,high,Luxury compact,PHEV,4096.18396
544,2020,high,Luxury compact,FCEV,3708.17084
545,2020,high,Luxury compact,BEV,3802.9695
546,2020,high,Luxury midsize car,ICE-SI,4116.02554
547,2020,high,Luxury midsize car,ICE-CI,4257.12122
548,2020,high,Luxury midsize car,HEV-SI,4157.91332
549,2020,high,Luxury midsize car,PHEV,4733.31914
550,2020,high,Luxury midsize car,FCEV,4457.74164
551,2020,high,Luxury midsize car,BEV,4343.1014
552,2020,high,Luxury small SUV,ICE-SI,4237.27964
553,2020,high,Luxury small SUV,ICE-CI,4351.91988
554,2020,high,Luxury small SUV,HEV-SI,4325.46444
555,2020,high,Luxury small SUV,PHEV,4960.395
556,2020,high,Luxury small SUV,FCEV,4563.5634
557,2020,high,Luxury small SUV,BEV,4601.04194
558,2020,high,Luxury medium SUV,ICE-SI,4784.0254
559,2020,high,Luxury medium SUV,ICE-CI,4927.3257
560,2020,high,Luxury medium SUV,HEV-SI,4892.05178
561,2020,high,Luxury medium SUV,PHEV,5606.34866
562,2020,high,Luxury medium SUV,FCEV,5220.54016
563,2020,high,Luxury medium SUV,BEV,5251.40484
564,2020,high,Luxury pickup,ICE-SI,5449.82064
565,2020,high,Luxury pickup,ICE-CI,5626.19024
566,2020,high,Luxury pickup,HEV-SI,5504.93614
567,2020,high,Luxury pickup,PHEV,6298.59934
568,2020,high,Luxury pickup,FCEV,5956.88324
569,2020,high,Luxury pickup,BEV,6007.5895
570,2020,high,Tractor Sleeper,ICE-SI,0
571,2020,high,Tractor Sleeper,ICE-CI,67140.29727
572,2020,high,Tractor Sleeper,HEV-SI,67753.45726
573,2020,high,Tractor Sleeper,PHEV,76664.028
574,2020,high,Tractor Sleeper,FCEV,69669.78375
575,2020,high,Tractor Sleeper,BEV,81567.1529
576,2020,high,Tractor Day cab,ICE-SI,0
577,2020,high,Tractor Day cab,ICE-CI,64752.57339
578,2020,high,Tractor Day cab,HEV-SI,65290.5021
579,2020,high,Tractor Day cab,PHEV,70078.18121
580,2020,high,Tractor Day cab,FCEV,66347.68746
581,2020,high,Tractor Day cab,BEV,70713.87739
582,2020,high,Class 8 Vocational,ICE-SI,0
583,2020,high,Class 8 Vocational,ICE-CI,41320.26019
584,2020,high,Class 8 Vocational,HEV-SI,42160.69673
585,2020,high,Class 8 Vocational,PHEV,46351.80733
586,2020,high,Class 8 Vocational,FCEV,42902.55357
587,2020,high,Class 8 Vocational,BEV,46402.94738
588,2020,high,Class 6 Pickup Delivery,ICE-SI,0
589,2020,high,Class 6 Pickup Delivery,ICE-CI,23012.63143
590,2020,high,Class 6 Pickup Delivery,HEV-SI,23903.27636
591,2020,high,Class 6 Pickup Delivery,PHEV,26518.6218
592,2020,high,Class 6 Pickup Delivery,FCEV,24130.4841
593,2020,high,Class 6 Pickup Delivery,BEV,25273.42595
594,2020,high,Class 3 Pickup Delivery,ICE-SI,0
595,2020,high,Class 3 Pickup Delivery,ICE-CI,15077.56805
596,2020,high,Class 3 Pickup Delivery,HEV-SI,14189.50837
597,2020,high,Class 3 Pickup Delivery,PHEV,15712.09607
598,2020,high,Class 3 Pickup Delivery,FCEV,13769.14132
599,2020,high,Class 3 Pickup Delivery,BEV,14593.71781
600,2020,high,Class 8 Bus,ICE-SI,0
601,2020,high,Class 8 Bus,ICE-CI,35576.0427
602,2020,high,Class 8 Bus,HEV-SI,36943.7641
603,2020,high,Class 8 Bus,PHEV,39012.15846
604,2020,high,Class 8 Bus,FCEV,36305.83559
605,2020,high,Class 8 Bus,BEV,38479.14475
606,2020,high,Class 8 Refuse,ICE-SI,0
607,2020,high,Class 8 Refuse,ICE-CI,54061.68078
608,2020,high,Class 8 Refuse,HEV-SI,54845.28943
609,2020,high,Class 8 Refuse,PHEV,0
610,2020,high,Class 8 Refuse,FCEV,0
611,2020,high,Class 8 Refuse,BEV,57476.59993
612,2025,high,Compact sedan,ICE-SI,3068.83104
613,2025,high,Compact sedan,ICE-CI,3172.44818
614,2025,high,Compact sedan,HEV-SI,3082.05876
615,2025,high,Compact sedan,PHEV,3377.47784
616,2025,high,Compact sedan,FCEV,3099.69572
617,2025,high,Compact sedan,BEV,3082.05876
618,2025,high,Midsize sedan,ICE-SI,3476.68574
619,2025,high,Midsize sedan,ICE-CI,3571.4844
620,2025,high,Midsize sedan,HEV-SI,3439.2072
621,2025,high,Midsize sedan,PHEV,3747.854
622,2025,high,Midsize sedan,FCEV,3489.91346
623,2025,high,Midsize sedan,BEV,3425.97948
624,2025,high,Small SUV,ICE-SI,3653.05534
625,2025,high,Small SUV,ICE-CI,3747.854
626,2025,high,Small SUV,HEV-SI,3646.44148
627,2025,high,Small SUV,PHEV,3994.77144
628,2025,high,Small SUV,FCEV,3719.19394
629,2025,high,Small SUV,BEV,3672.89692
630,2025,high,Medium SUV,ICE-SI,3844.85728
631,2025,high,Medium SUV,ICE-CI,3944.06518
632,2025,high,Medium SUV,HEV-SI,3884.54044
633,2025,high,Medium SUV,PHEV,4265.9397
634,2025,high,Medium SUV,FCEV,3946.2698
635,2025,high,Medium SUV,BEV,3933.04208
636,2025,high,Pickup,ICE-SI,4435.69544
637,2025,high,Pickup,ICE-CI,4556.94954
638,2025,high,Pickup,HEV-SI,4422.46772
639,2025,high,Pickup,PHEV,4852.36862
640,2025,high,Pickup,FCEV,4647.33896
641,2025,high,Pickup,BEV,4464.3555
642,2025,high,Luxury compact,ICE-SI,3311.33924
643,2025,high,Luxury compact,ICE-CI,3417.161
644,2025,high,Luxury compact,HEV-SI,3293.70228
645,2025,high,Luxury compact,PHEV,3604.5537
646,2025,high,Luxury compact,FCEV,3355.43164
647,2025,high,Luxury compact,BEV,3267.24684
648,2025,high,Luxury midsize car,ICE-SI,3730.21704
649,2025,high,Luxury midsize car,ICE-CI,3853.67576
650,2025,high,Luxury midsize car,HEV-SI,3672.89692
651,2025,high,Luxury midsize car,PHEV,3999.18068
652,2025,high,Luxury midsize car,FCEV,3842.65266
653,2025,high,Luxury midsize car,BEV,3575.89364
654,2025,high,Luxury small SUV,ICE-SI,3946.2698
655,2025,high,Luxury small SUV,ICE-CI,4052.09156
656,2025,high,Luxury small SUV,HEV-SI,3935.2467
657,2025,high,Luxury small SUV,PHEV,4301.21362
658,2025,high,Luxury small SUV,FCEV,4067.5239
659,2025,high,Luxury small SUV,BEV,3895.56354
660,2025,high,Luxury medium SUV,ICE-SI,4424.67234
661,2025,high,Luxury medium SUV,ICE-CI,4543.72182
662,2025,high,Luxury medium SUV,HEV-SI,4431.2862
663,2025,high,Luxury medium SUV,PHEV,4841.34552
664,2025,high,Luxury medium SUV,FCEV,4629.702
665,2025,high,Luxury medium SUV,BEV,4426.87696
666,2025,high,Luxury pickup,ICE-SI,5079.44448
667,2025,high,Luxury pickup,ICE-CI,5231.56326
668,2025,high,Luxury pickup,HEV-SI,5035.35208
669,2025,high,Luxury pickup,PHEV,5480.68532
670,2025,high,Luxury pickup,FCEV,5330.77116
671,2025,high,Luxury pickup,BEV,5105.89992
672,2025,high,Tractor Sleeper,ICE-SI,0
673,2025,high,Tractor Sleeper,ICE-CI,66771.01846
674,2025,high,Tractor Sleeper,HEV-SI,66854.46868
675,2025,high,Tractor Sleeper,PHEV,71977.41743
676,2025,high,Tractor Sleeper,FCEV,67502.05561
677,2025,high,Tractor Sleeper,BEV,73872.58039
678,2025,high,Tractor Day cab,ICE-SI,0
679,2025,high,Tractor Day cab,ICE-CI,64402.81852
680,2025,high,Tractor Day cab,HEV-SI,64266.8836
681,2025,high,Tractor Day cab,PHEV,66905.33945
682,2025,high,Tractor Day cab,FCEV,64020.71099
683,2025,high,Tractor Day cab,BEV,66221.61237
684,2025,high,Class 8 Vocational,ICE-SI,0
685,2025,high,Class 8 Vocational,ICE-CI,41068.66707
686,2025,high,Class 8 Vocational,HEV-SI,40921.77519
687,2025,high,Class 8 Vocational,PHEV,43960.58129
688,2025,high,Class 8 Vocational,FCEV,41136.36282
689,2025,high,Class 8 Vocational,BEV,43246.23052
690,2025,high,Class 6 Pickup Delivery,ICE-SI,0
691,2025,high,Class 6 Pickup Delivery,ICE-CI,22893.84732
692,2025,high,Class 6 Pickup Delivery,HEV-SI,22844.42126
693,2025,high,Class 6 Pickup Delivery,PHEV,25015.03244
694,2025,high,Class 6 Pickup Delivery,FCEV,22667.71929
695,2025,high,Class 6 Pickup Delivery,BEV,23462.5411
696,2025,high,Class 3 Pickup Delivery,ICE-SI,0
697,2025,high,Class 3 Pickup Delivery,ICE-CI,15189.41805
698,2025,high,Class 3 Pickup Delivery,HEV-SI,13523.31787
699,2025,high,Class 3 Pickup Delivery,PHEV,14690.66655
700,2025,high,Class 3 Pickup Delivery,FCEV,12858.53151
701,2025,high,Class 3 Pickup Delivery,BEV,13364.85881
702,2025,high,Class 8 Bus,ICE-SI,0
703,2025,high,Class 8 Bus,ICE-CI,0
704,2025,high,Class 8 Bus,HEV-SI,0
705,2025,high,Class 8 Bus,PHEV,0
706,2025,high,Class 8 Bus,FCEV,0
707,2025,high,Class 8 Bus,BEV,0
708,2025,high,Class 8 Refuse,ICE-SI,0
709,2025,high,Class 8 Refuse,ICE-CI,0
710,2025,high,Class 8 Refuse,HEV-SI,0
711,2025,high,Class 8 Refuse,PHEV,0
712,2025,high,Class 8 Refuse,FCEV,0
713,2025,high,Class 8 Refuse,BEV,0
714,2030,high,Compact sedan,ICE-SI,2912.30302
715,2030,high,Compact sedan,ICE-CI,3020.3294
716,2030,high,Compact sedan,HEV-SI,2923.32612
717,2030,high,Compact sedan,PHEV,3172.44818
718,2030,high,Compact sedan,FCEV,2888.0522
719,2030,high,Compact sedan,BEV,2802.07202
720,2030,high,Midsize sedan,ICE-SI,3220.94982
721,2030,high,Midsize sedan,ICE-CI,3322.36234
722,2030,high,Midsize sedan,HEV-SI,3183.47128
723,2030,high,Midsize sedan,PHEV,3437.00258
724,2030,high,Midsize sedan,FCEV,3157.01584
725,2030,high,Midsize sedan,BEV,3037.96636
726,2030,high,Small SUV,ICE-SI,3498.73194
727,2030,high,Small SUV,ICE-CI,3600.14446
728,2030,high,Small SUV,HEV-SI,3489.91346
729,2030,high,Small SUV,PHEV,3776.51406
730,2030,high,Small SUV,FCEV,3485.50422
731,2030,high,Small SUV,BEV,3364.25012
732,2030,high,Medium SUV,ICE-SI,3639.82762
733,2030,high,Medium SUV,ICE-CI,3750.05862
734,2030,high,Medium SUV,HEV-SI,3679.51078
735,2030,high,Medium SUV,PHEV,3992.56682
736,2030,high,Medium SUV,FCEV,3661.87382
737,2030,high,Medium SUV,BEV,3558.25668
738,2030,high,Pickup,ICE-SI,4122.6394
739,2030,high,Pickup,ICE-CI,4252.71198
740,2030,high,Pickup,HEV-SI,4113.82092
741,2030,high,Pickup,PHEV,4457.74164
742,2030,high,Pickup,FCEV,4197.59648
743,2030,high,Pickup,BEV,3955.08828
744,2030,high,Luxury compact,ICE-SI,3139.37888
745,2030,high,Luxury compact,ICE-CI,3254.01912
746,2030,high,Luxury compact,HEV-SI,3123.94654
747,2030,high,Luxury compact,PHEV,3379.68246
748,2030,high,Luxury compact,FCEV,3108.5142
749,2030,high,Luxury compact,BEV,2967.41852
750,2030,high,Luxury midsize car,ICE-SI,3448.02568
751,2030,high,Luxury midsize car,ICE-CI,3582.5075
752,2030,high,Luxury midsize car,HEV-SI,3403.93328
753,2030,high,Luxury midsize car,PHEV,3666.28306
754,2030,high,Luxury midsize car,FCEV,3445.82106
755,2030,high,Luxury midsize car,BEV,3174.6528
756,2030,high,Luxury small SUV,ICE-SI,3769.9002
757,2030,high,Luxury small SUV,ICE-CI,3891.1543
758,2030,high,Luxury small SUV,HEV-SI,3767.69558
759,2030,high,Luxury small SUV,PHEV,4069.72852
760,2030,high,Luxury small SUV,FCEV,3791.9464
761,2030,high,Luxury small SUV,BEV,3569.27978
762,2030,high,Luxury medium SUV,ICE-SI,4173.34566
763,2030,high,Luxury medium SUV,ICE-CI,4303.41824
764,2030,high,Luxury medium SUV,HEV-SI,4186.57338
765,2030,high,Luxury medium SUV,PHEV,4519.471
766,2030,high,Luxury medium SUV,FCEV,4257.12122
767,2030,high,Luxury medium SUV,BEV,4003.58992
768,2030,high,Luxury pickup,ICE-SI,4711.27294
769,2030,high,Luxury pickup,ICE-CI,4861.1871
770,2030,high,Luxury pickup,HEV-SI,4658.36206
771,2030,high,Luxury pickup,PHEV,5015.5105
772,2030,high,Luxury pickup,FCEV,4801.66236
773,2030,high,Luxury pickup,BEV,4519.471
774,2030,high,Tractor Sleeper,ICE-SI,0
775,2030,high,Tractor Sleeper,ICE-CI,66452.29815
776,2030,high,Tractor Sleeper,HEV-SI,66167.6862
777,2030,high,Tractor Sleeper,PHEV,69500.8393
778,2030,high,Tractor Sleeper,FCEV,66423.90442
779,2030,high,Tractor Sleeper,BEV,69971.72903
780,2030,high,Tractor Day cab,ICE-SI,0
781,2030,high,Tractor Day cab,ICE-CI,64147.9396
782,2030,high,Tractor Day cab,HEV-SI,63657.75142
783,2030,high,Tractor Day cab,PHEV,65349.91077
784,2030,high,Tractor Day cab,FCEV,62938.35882
785,2030,high,Tractor Day cab,BEV,64040.38135
786,2030,high,Class 8 Vocational,ICE-SI,0
787,2030,high,Class 8 Vocational,ICE-CI,40828.78476
788,2030,high,Class 8 Vocational,HEV-SI,40230.28422
789,2030,high,Class 8 Vocational,PHEV,42811.37039
790,2030,high,Class 8 Vocational,FCEV,40219.27464
791,2030,high,Class 8 Vocational,BEV,41518.49255
792,2030,high,Class 6 Pickup Delivery,ICE-SI,0
793,2030,high,Class 6 Pickup Delivery,ICE-CI,22909.05087
794,2030,high,Class 6 Pickup Delivery,HEV-SI,22381.75194
795,2030,high,Class 6 Pickup Delivery,PHEV,24304.72766
796,2030,high,Class 6 Pickup Delivery,FCEV,22043.70403
797,2030,high,Class 6 Pickup Delivery,BEV,22531.12629
798,2030,high,Class 3 Pickup Delivery,ICE-SI,0
799,2030,high,Class 3 Pickup Delivery,ICE-CI,15323.28191
800,2030,high,Class 3 Pickup Delivery,HEV-SI,13195.16336
801,2030,high,Class 3 Pickup Delivery,PHEV,14156.46584
802,2030,high,Class 3 Pickup Delivery,FCEV,12477.55662
803,2030,high,Class 3 Pickup Delivery,BEV,12760.41426
804,2030,high,Class 8 Bus,ICE-SI,0
805,2030,high,Class 8 Bus,ICE-CI,34746.99893
806,2030,high,Class 8 Bus,HEV-SI,0
807,2030,high,Class 8 Bus,PHEV,0
808,2030,high,Class 8 Bus,FCEV,33420.55529
809,2030,high,Class 8 Bus,BEV,0
810,2030,high,Class 8 Refuse,ICE-SI,0
811,2030,high,Class 8 Refuse,ICE-CI,53398.62022
812,2030,high,Class 8 Refuse,HEV-SI,0
813,2030,high,Class 8 Refuse,PHEV,0
814,2030,high,Class 8 Refuse,FCEV,52277.32734
815,2030,high,Class 8 Refuse,BEV,0
816,2035,high,Compact sedan,ICE-SI,2881.43834
817,2035,high,Compact sedan,ICE-CI,2989.46472
818,2035,high,Compact sedan,HEV-SI,2890.25682
819,2035,high,Compact sedan,PHEV,3086.468
820,2035,high,Compact sedan,FCEV,2799.8674
821,2035,high,Compact sedan,BEV,2744.7519
822,2035,high,Midsize sedan,ICE-SI,3084.26338
823,2035,high,Midsize sedan,ICE-CI,3185.6759
824,2035,high,Midsize sedan,HEV-SI,3040.17098
825,2035,high,Midsize sedan,PHEV,3240.7914
826,2035,high,Midsize sedan,FCEV,2951.98618
827,2035,high,Midsize sedan,BEV,2874.82448
828,2035,high,Small SUV,ICE-SI,3377.47784
829,2035,high,Small SUV,ICE-CI,3478.89036
830,2035,high,Small SUV,HEV-SI,3362.0455
831,2035,high,Small SUV,PHEV,3595.73522
832,2035,high,Small SUV,FCEV,3287.08842
833,2035,high,Small SUV,BEV,3209.92672
834,2035,high,Medium SUV,ICE-SI,3520.77814
835,2035,high,Medium SUV,ICE-CI,3633.21376
836,2035,high,Medium SUV,HEV-SI,3553.84744
837,2035,high,Medium SUV,PHEV,3807.37874
838,2035,high,Medium SUV,FCEV,3461.2534
839,2035,high,Medium SUV,BEV,3392.91018
840,2035,high,Pickup,ICE-SI,4023.4315
841,2035,high,Pickup,ICE-CI,4144.6856
842,2035,high,Pickup,HEV-SI,4005.79454
843,2035,high,Pickup,PHEV,4276.9628
844,2035,high,Pickup,FCEV,3981.54372
845,2035,high,Pickup,BEV,3807.37874
846,2035,high,Luxury compact,ICE-SI,3106.30958
847,2035,high,Luxury compact,ICE-CI,3220.94982
848,2035,high,Luxury compact,HEV-SI,3086.468
849,2035,high,Luxury compact,PHEV,3293.70228
850,2035,high,Luxury compact,FCEV,3011.51092
851,2035,high,Luxury compact,BEV,2914.50764
852,2035,high,Luxury midsize car,ICE-SI,3300.31614
853,2035,high,Luxury midsize car,ICE-CI,3434.79796
854,2035,high,Luxury midsize car,HEV-SI,3251.8145
855,2035,high,Luxury midsize car,PHEV,3465.66264
856,2035,high,Luxury midsize car,FCEV,3201.10824
857,2035,high,Luxury midsize car,BEV,3009.3063
858,2035,high,Luxury small SUV,ICE-SI,3642.03224
859,2035,high,Luxury small SUV,ICE-CI,3758.8771
860,2035,high,Luxury small SUV,HEV-SI,3633.21376
861,2035,high,Luxury small SUV,PHEV,3873.51734
862,2035,high,Luxury small SUV,FCEV,3567.07516
863,2035,high,Luxury small SUV,BEV,3406.1379
864,2035,high,Luxury medium SUV,ICE-SI,4034.4546
865,2035,high,Luxury medium SUV,ICE-CI,4164.52718
866,2035,high,Luxury medium SUV,HEV-SI,4043.27308
867,2035,high,Luxury medium SUV,PHEV,4307.82748
868,2035,high,Luxury medium SUV,FCEV,4010.20378
869,2035,high,Luxury medium SUV,BEV,3827.22032
870,2035,high,Luxury pickup,ICE-SI,4590.01884
871,2035,high,Luxury pickup,ICE-CI,4739.933
872,2035,high,Luxury pickup,HEV-SI,4532.69872
873,2035,high,Luxury pickup,PHEV,4812.68546
874,2035,high,Luxury pickup,FCEV,4556.94954
875,2035,high,Luxury pickup,BEV,4340.89678
876,2035,high,Tractor Sleeper,ICE-SI,0
877,2035,high,Tractor Sleeper,ICE-CI,66137.30607
878,2035,high,Tractor Sleeper,HEV-SI,65634.80703
879,2035,high,Tractor Sleeper,PHEV,68556.67664
880,2035,high,Tractor Sleeper,FCEV,65199.9514
881,2035,high,Tractor Sleeper,BEV,68774.02735
882,2035,high,Tractor Day cab,ICE-SI,0
883,2035,high,Tractor Day cab,ICE-CI,63848.80609
884,2035,high,Tractor Day cab,HEV-SI,63150.17133
885,2035,high,Tractor Day cab,PHEV,64619.13769
886,2035,high,Tractor Day cab,FCEV,62083.13961
887,2035,high,Tractor Day cab,BEV,63267.43851
888,2035,high,Class 8 Vocational,ICE-SI,0
889,2035,high,Class 8 Vocational,ICE-CI,40627.39347
890,2035,high,Class 8 Vocational,HEV-SI,39702.98871
891,2035,high,Class 8 Vocational,PHEV,42128.72357
892,2035,high,Class 8 Vocational,FCEV,39472.60993
893,2035,high,Class 8 Vocational,BEV,40847.05051
894,2035,high,Class 6 Pickup Delivery,ICE-SI,0
895,2035,high,Class 6 Pickup Delivery,ICE-CI,22946.44837
896,2035,high,Class 6 Pickup Delivery,HEV-SI,22134.569
897,2035,high,Class 6 Pickup Delivery,PHEV,24017.15631
898,2035,high,Class 6 Pickup Delivery,FCEV,21646.72538
899,2035,high,Class 6 Pickup Delivery,BEV,22205.67628
900,2035,high,Class 3 Pickup Delivery,ICE-SI,0
901,2035,high,Class 3 Pickup Delivery,ICE-CI,15466.96688
902,2035,high,Class 3 Pickup Delivery,HEV-SI,12910.70856
903,2035,high,Class 3 Pickup Delivery,PHEV,13987.54907
904,2035,high,Class 3 Pickup Delivery,FCEV,12228.41281
905,2035,high,Class 3 Pickup Delivery,BEV,12564.7774
906,2035,high,Class 8 Bus,ICE-SI,0
907,2035,high,Class 8 Bus,ICE-CI,0
908,2035,high,Class 8 Bus,HEV-SI,0
909,2035,high,Class 8 Bus,PHEV,0
910,2035,high,Class 8 Bus,FCEV,0
911,2035,high,Class 8 Bus,BEV,0
912,2035,high,Class 8 Refuse,ICE-SI,0
913,2035,high,Class 8 Refuse,ICE-CI,0
914,2035,high,Class 8 Refuse,HEV-SI,0
915,2035,high,Class 8 Refuse,PHEV,0
916,2035,high,Class 8 Refuse,FCEV,0
917,2035,high,Class 8 Refuse,BEV,0
918,2050,high,Compact sedan,ICE-SI,2879.23372
919,2050,high,Compact sedan,ICE-CI,2989.46472
920,2050,high,Compact sedan,HEV-SI,2885.84758
921,2050,high,Compact sedan,PHEV,3035.76174
922,2050,high,Compact sedan,FCEV,2762.38886
923,2050,high,Compact sedan,BEV,2718.29646
924,2050,high,Midsize sedan,ICE-SI,3026.94326
925,2050,high,Midsize sedan,ICE-CI,3130.5604
926,2050,high,Midsize sedan,HEV-SI,2982.85086
927,2050,high,Midsize sedan,PHEV,3132.76502
928,2050,high,Midsize sedan,FCEV,2852.77828
929,2050,high,Midsize sedan,BEV,2793.25354
930,2050,high,Small SUV,ICE-SI,3201.10824
931,2050,high,Small SUV,ICE-CI,3306.93
932,2050,high,Small SUV,HEV-SI,3187.88052
933,2050,high,Small SUV,PHEV,3353.22702
934,2050,high,Small SUV,FCEV,3055.60332
935,2050,high,Small SUV,BEV,2998.2832
936,2050,high,Medium SUV,ICE-SI,3348.81778
937,2050,high,Medium SUV,ICE-CI,3461.2534
938,2050,high,Medium SUV,HEV-SI,3377.47784
939,2050,high,Medium SUV,PHEV,3558.25668
940,2050,high,Medium SUV,FCEV,3225.35906
941,2050,high,Medium SUV,BEV,3183.47128
942,2050,high,Pickup,ICE-SI,3886.74506
943,2050,high,Pickup,ICE-CI,4003.58992
944,2050,high,Pickup,HEV-SI,3855.88038
945,2050,high,Pickup,PHEV,4047.68232
946,2050,high,Pickup,FCEV,3758.8771
947,2050,high,Pickup,BEV,3617.78142
948,2050,high,Luxury compact,ICE-SI,3106.30958
949,2050,high,Luxury compact,ICE-CI,3220.94982
950,2050,high,Luxury compact,HEV-SI,3086.468
951,2050,high,Luxury compact,PHEV,3240.7914
952,2050,high,Luxury compact,FCEV,2969.62314
953,2050,high,Luxury compact,BEV,2888.0522
954,2050,high,Luxury midsize car,ICE-SI,3240.7914
955,2050,high,Luxury midsize car,ICE-CI,3375.27322
956,2050,high,Luxury midsize car,HEV-SI,3190.08514
957,2050,high,Luxury midsize car,PHEV,3342.20392
958,2050,high,Luxury midsize car,FCEV,3082.05876
959,2050,high,Luxury midsize car,BEV,2918.91688
960,2050,high,Luxury small SUV,ICE-SI,3454.63954
961,2050,high,Luxury small SUV,ICE-CI,3569.27978
962,2050,high,Luxury small SUV,HEV-SI,3443.61644
963,2050,high,Luxury small SUV,PHEV,3617.78142
964,2050,high,Luxury small SUV,FCEV,3306.93
965,2050,high,Luxury small SUV,BEV,3183.47128
966,2050,high,Luxury medium SUV,ICE-SI,3831.62956
967,2050,high,Luxury medium SUV,ICE-CI,3957.2929
968,2050,high,Luxury medium SUV,HEV-SI,3836.0388
969,2050,high,Luxury medium SUV,PHEV,4023.4315
970,2050,high,Luxury medium SUV,FCEV,3728.01242
971,2050,high,Luxury medium SUV,BEV,3584.71212
972,2050,high,Luxury pickup,ICE-SI,4424.67234
973,2050,high,Luxury pickup,ICE-CI,4565.76802
974,2050,high,Luxury pickup,HEV-SI,4360.73836
975,2050,high,Luxury pickup,PHEV,4548.13106
976,2050,high,Luxury pickup,FCEV,4299.009
977,2050,high,Luxury pickup,BEV,4129.25326
978,2050,high,Tractor Sleeper,ICE-SI,0
979,2050,high,Tractor Sleeper,ICE-CI,65455.28907
980,2050,high,Tractor Sleeper,HEV-SI,64823.02696
981,2050,high,Tractor Sleeper,PHEV,67514.6628
982,2050,high,Tractor Sleeper,FCEV,63736.96445
983,2050,high,Tractor Sleeper,BEV,67669.8484
984,2050,high,Tractor Day cab,ICE-SI,0
985,2050,high,Tractor Day cab,ICE-CI,63251.13489
986,2050,high,Tractor Day cab,HEV-SI,62594.92058
987,2050,high,Tractor Day cab,PHEV,63742.6805
988,2050,high,Tractor Day cab,FCEV,60823.24925
989,2050,high,Tractor Day cab,BEV,62390.50858
990,2050,high,Class 8 Vocational,ICE-SI,0
991,2050,high,Class 8 Vocational,ICE-CI,39983.05321
992,2050,high,Class 8 Vocational,HEV-SI,38949.93159
993,2050,high,Class 8 Vocational,PHEV,41335.16971
994,2050,high,Class 8 Vocational,FCEV,38363.16366
995,2050,high,Class 8 Vocational,BEV,40011.41149
996,2050,high,Class 6 Pickup Delivery,ICE-SI,0
997,2050,high,Class 6 Pickup Delivery,ICE-CI,22729.82338
998,2050,high,Class 6 Pickup Delivery,HEV-SI,21798.78814
999,2050,high,Class 6 Pickup Delivery,PHEV,23566.38743
1000,2050,high,Class 6 Pickup Delivery,FCEV,21063.88165
1001,2050,high,Class 6 Pickup Delivery,BEV,21829.06601
1002,2050,high,Class 3 Pickup Delivery,ICE-SI,0
1003,2050,high,Class 3 Pickup Delivery,ICE-CI,15395.99925
1004,2050,high,Class 3 Pickup Delivery,HEV-SI,12715.24813
1005,2050,high,Class 3 Pickup Delivery,PHEV,13780.41172
1006,2050,high,Class 3 Pickup Delivery,FCEV,11875.59531
1007,2050,high,Class 3 Pickup Delivery,BEV,12346.19599
1008,2050,high,Class 8 Bus,ICE-SI,0
1009,2050,high,Class 8 Bus,ICE-CI,32661.69918
1010,2050,high,Class 8 Bus,HEV-SI,0
1011,2050,high,Class 8 Bus,PHEV,0
1012,2050,high,Class 8 Bus,FCEV,30597.84567
1013,2050,high,Class 8 Bus,BEV,0
1014,2050,high,Class 8 Refuse,ICE-SI,0
1015,2050,high,Class 8 Refuse,ICE-CI,51358.10096
1016,2050,high,Class 8 Refuse,HEV-SI,0
1017,2050,high,Class 8 Refuse,PHEV,0
1018,2050,high,Class 8 Refuse,FCEV,49368.67529
1019,2050,high,Class 8 Refuse,BEV,0
