﻿id,Model Year,Technology,Size,Powertrain,MPG
0,2020,low,Compact sedan,ICE-SI,27.63020649
1,2020,low,Compact sedan,ICE-CI,29.5617223
2,2020,low,Compact sedan,HEV-SI,39.32595141
3,2020,low,Compact sedan,PHEV,82.33065153
4,2020,low,Compact sedan,FCEV,62.9871478
5,2020,low,Compact sedan,BEV,98.60468242
6,2020,low,Midsize sedan,ICE-SI,24.28761493
7,2020,low,Midsize sedan,ICE-CI,26.8020774
8,2020,low,Midsize sedan,HEV-SI,35.92117873
9,2020,low,Midsize sedan,PHEV,75.61253987
10,2020,low,Midsize sedan,FCEV,56.72660482
11,2020,low,Midsize sedan,BEV,91.48414477
12,2020,low,Small SUV,ICE-SI,24.34269258
13,2020,low,Small SUV,ICE-CI,25.13222161
14,2020,low,Small SUV,HEV-SI,33.0797493
15,2020,low,Small SUV,PHEV,66.57122061
16,2020,low,Small SUV,FCEV,49.65864941
17,2020,low,Small SUV,BEV,78.74164969
18,2020,low,Medium SUV,ICE-SI,20.74382357
19,2020,low,Medium SUV,ICE-CI,23.83784421
20,2020,low,Medium SUV,HEV-SI,30.7952115
21,2020,low,Medium SUV,PHEV,61.0128791
22,2020,low,Medium SUV,FCEV,45.92378999
23,2020,low,Medium SUV,BEV,71.8058839
24,2020,low,Pickup,ICE-SI,17.07124772
25,2020,low,Pickup,ICE-CI,19.9734607
26,2020,low,Pickup,HEV-SI,25.40616708
27,2020,low,Pickup,PHEV,50.79820076
28,2020,low,Pickup,FCEV,37.51449558
29,2020,low,Pickup,BEV,61.26301485
30,2020,low,Luxury compact,ICE-SI,24.49093963
31,2020,low,Luxury compact,ICE-CI,27.63020649
32,2020,low,Luxury compact,HEV-SI,36.70647465
33,2020,low,Luxury compact,PHEV,77.12566021
34,2020,low,Luxury compact,FCEV,57.89020488
35,2020,low,Luxury compact,BEV,94.06043981
36,2020,low,Luxury midsize car,ICE-SI,19.46389993
37,2020,low,Luxury midsize car,ICE-CI,23.74086896
38,2020,low,Luxury midsize car,HEV-SI,32.41614771
39,2020,low,Luxury midsize car,PHEV,69.35262722
40,2020,low,Luxury midsize car,FCEV,49.39331756
41,2020,low,Luxury midsize car,BEV,87.11923265
42,2020,low,Luxury small SUV,ICE-SI,20.22562506
43,2020,low,Luxury small SUV,ICE-CI,23.50033224
44,2020,low,Luxury small SUV,HEV-SI,30.41837982
45,2020,low,Luxury small SUV,PHEV,61.7059161
46,2020,low,Luxury small SUV,FCEV,45.61675993
47,2020,low,Luxury small SUV,BEV,75.90336678
48,2020,low,Luxury medium SUV,ICE-SI,18.1935233
49,2020,low,Luxury medium SUV,ICE-CI,21.12368862
50,2020,low,Luxury medium SUV,HEV-SI,27.17138175
51,2020,low,Luxury medium SUV,PHEV,54.97047541
52,2020,low,Luxury medium SUV,FCEV,40.57792379
53,2020,low,Luxury medium SUV,BEV,67.29731088
54,2020,low,Luxury pickup,ICE-SI,16.01539458
55,2020,low,Luxury pickup,ICE-CI,18.4173189
56,2020,low,Luxury pickup,HEV-SI,23.48943706
57,2020,low,Luxury pickup,PHEV,47.35044327
58,2020,low,Luxury pickup,FCEV,34.74554347
59,2020,low,Luxury pickup,BEV,57.03890494
60,2020,low,Tractor Sleeper,ICE-SI,0
61,2020,low,Tractor Sleeper,ICE-CI,6.662059832
62,2020,low,Tractor Sleeper,HEV-SI,6.558133407
63,2020,low,Tractor Sleeper,PHEV,6.112357411
64,2020,low,Tractor Sleeper,FCEV,6.698717793
65,2020,low,Tractor Sleeper,BEV,11.58940057
66,2020,low,Tractor Day cab,ICE-SI,0
67,2020,low,Tractor Day cab,ICE-CI,6.141814345
68,2020,low,Tractor Day cab,HEV-SI,6.108303426
69,2020,low,Tractor Day cab,PHEV,6.196788078
70,2020,low,Tractor Day cab,FCEV,6.288801063
71,2020,low,Tractor Day cab,BEV,11.90195329
72,2020,low,Class 8 Vocational,ICE-SI,0
73,2020,low,Class 8 Vocational,ICE-CI,7.007061611
74,2020,low,Class 8 Vocational,HEV-SI,7.975711937
75,2020,low,Class 8 Vocational,PHEV,10.90092466
76,2020,low,Class 8 Vocational,FCEV,9.306433646
77,2020,low,Class 8 Vocational,BEV,17.46438335
78,2020,low,Class 6 Pickup Delivery,ICE-SI,0
79,2020,low,Class 6 Pickup Delivery,ICE-CI,10.17543865
80,2020,low,Class 6 Pickup Delivery,HEV-SI,11.2839136
81,2020,low,Class 6 Pickup Delivery,PHEV,16.97327235
82,2020,low,Class 6 Pickup Delivery,FCEV,14.36612176
83,2020,low,Class 6 Pickup Delivery,BEV,27.41375763
84,2020,low,Class 3 Pickup Delivery,ICE-SI,0
85,2020,low,Class 3 Pickup Delivery,ICE-CI,12.84752861
86,2020,low,Class 3 Pickup Delivery,HEV-SI,15.58990465
87,2020,low,Class 3 Pickup Delivery,PHEV,23.16486687
88,2020,low,Class 3 Pickup Delivery,FCEV,22.73133949
89,2020,low,Class 3 Pickup Delivery,BEV,43.18319504
90,2020,low,Class 8 Bus,ICE-SI,0
91,2020,low,Class 8 Bus,ICE-CI,7.078646106
92,2020,low,Class 8 Bus,HEV-SI,7.858125293
93,2020,low,Class 8 Bus,PHEV,3.789996338
94,2020,low,Class 8 Bus,FCEV,9.879618537
95,2020,low,Class 8 Bus,BEV,18.78536527
96,2020,low,Class 8 Refuse,ICE-SI,0
97,2020,low,Class 8 Refuse,ICE-CI,5.204443181
98,2020,low,Class 8 Refuse,HEV-SI,5.995502162
99,2020,low,Class 8 Refuse,PHEV,0
100,2020,low,Class 8 Refuse,FCEV,0
101,2020,low,Class 8 Refuse,BEV,18.31797016
102,2025,low,Compact sedan,ICE-SI,29.50148615
103,2025,low,Compact sedan,ICE-CI,33.47915433
104,2025,low,Compact sedan,HEV-SI,40.84297303
105,2025,low,Compact sedan,PHEV,88.15103613
106,2025,low,Compact sedan,FCEV,67.96659877
107,2025,low,Compact sedan,BEV,104.8870939
108,2025,low,Midsize sedan,ICE-SI,26.66380206
109,2025,low,Midsize sedan,ICE-CI,30.84308437
110,2025,low,Midsize sedan,HEV-SI,39.99683873
111,2025,low,Midsize sedan,PHEV,82.18579777
112,2025,low,Midsize sedan,FCEV,62.49216429
113,2025,low,Midsize sedan,BEV,99.14042679
114,2025,low,Small SUV,ICE-SI,24.99011188
115,2025,low,Small SUV,ICE-CI,28.60786423
116,2025,low,Small SUV,HEV-SI,35.55413747
117,2025,low,Small SUV,PHEV,71.39068168
118,2025,low,Small SUV,FCEV,54.23000523
119,2025,low,Small SUV,BEV,84.66711473
120,2025,low,Medium SUV,ICE-SI,24.39951546
121,2025,low,Medium SUV,ICE-CI,27.59830064
122,2025,low,Medium SUV,HEV-SI,31.74051689
123,2025,low,Medium SUV,PHEV,66.85163603
124,2025,low,Medium SUV,FCEV,50.98754592
125,2025,low,Medium SUV,BEV,78.30763742
126,2025,low,Pickup,ICE-SI,19.62242971
127,2025,low,Pickup,ICE-CI,22.80016515
128,2025,low,Pickup,HEV-SI,28.1209036
129,2025,low,Pickup,PHEV,55.97330082
130,2025,low,Pickup,FCEV,41.4138238
131,2025,low,Pickup,BEV,66.8352472
132,2025,low,Luxury compact,ICE-SI,26.61701415
133,2025,low,Luxury compact,ICE-CI,31.0772223
134,2025,low,Luxury compact,HEV-SI,39.10879898
135,2025,low,Luxury compact,PHEV,82.44111735
136,2025,low,Luxury compact,FCEV,62.37244909
137,2025,low,Luxury compact,BEV,99.96563418
138,2025,low,Luxury midsize car,ICE-SI,21.86201637
139,2025,low,Luxury midsize car,ICE-CI,26.89751729
140,2025,low,Luxury midsize car,HEV-SI,34.88777926
141,2025,low,Luxury midsize car,PHEV,75.84275558
142,2025,low,Luxury midsize car,FCEV,54.41834544
143,2025,low,Luxury midsize car,BEV,94.29115816
144,2025,low,Luxury small SUV,ICE-SI,22.39349843
145,2025,low,Luxury small SUV,ICE-CI,26.50757011
146,2025,low,Luxury small SUV,HEV-SI,32.71497195
147,2025,low,Luxury small SUV,PHEV,66.61559982
148,2025,low,Luxury small SUV,FCEV,49.77466286
149,2025,low,Luxury small SUV,BEV,81.57270039
150,2025,low,Luxury medium SUV,ICE-SI,20.60786601
151,2025,low,Luxury medium SUV,ICE-CI,24.31964268
152,2025,low,Luxury medium SUV,HEV-SI,30.16421808
153,2025,low,Luxury medium SUV,PHEV,60.38845422
154,2025,low,Luxury medium SUV,FCEV,44.87097737
155,2025,low,Luxury medium SUV,BEV,73.59926285
156,2025,low,Luxury pickup,ICE-SI,18.14949372
157,2025,low,Luxury pickup,ICE-CI,21.19850397
158,2025,low,Luxury pickup,HEV-SI,26.07547305
159,2025,low,Luxury pickup,PHEV,51.97021158
160,2025,low,Luxury pickup,FCEV,38.54293163
161,2025,low,Luxury pickup,BEV,62.46749152
162,2025,low,Tractor Sleeper,ICE-SI,0
163,2025,low,Tractor Sleeper,ICE-CI,7.168027213
164,2025,low,Tractor Sleeper,HEV-SI,7.069509466
165,2025,low,Tractor Sleeper,PHEV,6.791603112
166,2025,low,Tractor Sleeper,FCEV,7.175209977
167,2025,low,Tractor Sleeper,BEV,12.59570113
168,2025,low,Tractor Day cab,ICE-SI,0
169,2025,low,Tractor Day cab,ICE-CI,6.645887548
170,2025,low,Tractor Day cab,HEV-SI,6.635208089
171,2025,low,Tractor Day cab,PHEV,6.850717434
172,2025,low,Tractor Day cab,FCEV,6.811051162
173,2025,low,Tractor Day cab,BEV,12.90971659
174,2025,low,Class 8 Vocational,ICE-SI,0
175,2025,low,Class 8 Vocational,ICE-CI,7.494162296
176,2025,low,Class 8 Vocational,HEV-SI,8.645567366
177,2025,low,Class 8 Vocational,PHEV,12.17100948
178,2025,low,Class 8 Vocational,FCEV,10.10017399
179,2025,low,Class 8 Vocational,BEV,18.92134672
180,2025,low,Class 6 Pickup Delivery,ICE-SI,0
181,2025,low,Class 6 Pickup Delivery,ICE-CI,10.93458826
182,2025,low,Class 6 Pickup Delivery,HEV-SI,12.36050069
183,2025,low,Class 6 Pickup Delivery,PHEV,18.99695916
184,2025,low,Class 6 Pickup Delivery,FCEV,15.79631015
185,2025,low,Class 6 Pickup Delivery,BEV,29.71871738
186,2025,low,Class 3 Pickup Delivery,ICE-SI,0
187,2025,low,Class 3 Pickup Delivery,ICE-CI,13.76430843
188,2025,low,Class 3 Pickup Delivery,HEV-SI,17.03752143
189,2025,low,Class 3 Pickup Delivery,PHEV,25.20089681
190,2025,low,Class 3 Pickup Delivery,FCEV,25.06888714
191,2025,low,Class 3 Pickup Delivery,BEV,47.18018591
192,2025,low,Class 8 Bus,ICE-SI,0
193,2025,low,Class 8 Bus,ICE-CI,0
194,2025,low,Class 8 Bus,HEV-SI,0
195,2025,low,Class 8 Bus,PHEV,0
196,2025,low,Class 8 Bus,FCEV,0
197,2025,low,Class 8 Bus,BEV,0
198,2025,low,Class 8 Refuse,ICE-SI,0
199,2025,low,Class 8 Refuse,ICE-CI,0
200,2025,low,Class 8 Refuse,HEV-SI,0
201,2025,low,Class 8 Refuse,PHEV,0
202,2025,low,Class 8 Refuse,FCEV,0
203,2025,low,Class 8 Refuse,BEV,0
204,2030,low,Compact sedan,ICE-SI,34.77040675
205,2030,low,Compact sedan,ICE-CI,37.08266055
206,2030,low,Compact sedan,HEV-SI,42.1777999
207,2030,low,Compact sedan,PHEV,90.01593918
208,2030,low,Compact sedan,FCEV,69.59698238
209,2030,low,Compact sedan,BEV,108.5277449
210,2030,low,Midsize sedan,ICE-SI,31.85857622
211,2030,low,Midsize sedan,ICE-CI,33.93186585
212,2030,low,Midsize sedan,HEV-SI,41.44948882
213,2030,low,Midsize sedan,PHEV,84.01572693
214,2030,low,Midsize sedan,FCEV,64.24359604
215,2030,low,Midsize sedan,BEV,102.9850005
216,2030,low,Small SUV,ICE-SI,29.44438122
217,2030,low,Small SUV,ICE-CI,31.87958379
218,2030,low,Small SUV,HEV-SI,36.89982108
219,2030,low,Small SUV,PHEV,72.46500364
220,2030,low,Small SUV,FCEV,55.84553099
221,2030,low,Small SUV,BEV,88.02254333
222,2030,low,Medium SUV,ICE-SI,28.16835817
223,2030,low,Medium SUV,ICE-CI,30.38714923
224,2030,low,Medium SUV,HEV-SI,32.71255811
225,2030,low,Medium SUV,PHEV,67.36245806
226,2030,low,Medium SUV,FCEV,52.19363876
227,2030,low,Medium SUV,BEV,80.9707676
228,2030,low,Pickup,ICE-SI,23.24217853
229,2030,low,Pickup,ICE-CI,25.41347402
230,2030,low,Pickup,HEV-SI,29.21984437
231,2030,low,Pickup,PHEV,56.25715023
232,2030,low,Pickup,FCEV,42.54778488
233,2030,low,Pickup,BEV,69.46227556
234,2030,low,Luxury compact,ICE-SI,32.08289172
235,2030,low,Luxury compact,ICE-CI,34.0700689
236,2030,low,Luxury compact,HEV-SI,38.70893556
237,2030,low,Luxury compact,PHEV,84.27773842
238,2030,low,Luxury compact,FCEV,63.90230542
239,2030,low,Luxury compact,BEV,103.4768081
240,2030,low,Luxury midsize car,ICE-SI,27.12286371
241,2030,low,Luxury midsize car,ICE-CI,29.37445619
242,2030,low,Luxury midsize car,HEV-SI,37.0641642
243,2030,low,Luxury midsize car,PHEV,76.79238689
244,2030,low,Luxury midsize car,FCEV,56.08061469
245,2030,low,Luxury midsize car,BEV,98.01483155
246,2030,low,Luxury small SUV,ICE-SI,27.08376342
247,2030,low,Luxury small SUV,ICE-CI,29.32920803
248,2030,low,Luxury small SUV,HEV-SI,34.7247436
249,2030,low,Luxury small SUV,PHEV,67.12012382
250,2030,low,Luxury small SUV,FCEV,51.3450284
251,2030,low,Luxury small SUV,BEV,84.93639763
252,2030,low,Luxury medium SUV,ICE-SI,24.61941613
253,2030,low,Luxury medium SUV,ICE-CI,26.8403087
254,2030,low,Luxury medium SUV,HEV-SI,31.25762167
255,2030,low,Luxury medium SUV,PHEV,60.61305936
256,2030,low,Luxury medium SUV,FCEV,45.88930701
257,2030,low,Luxury medium SUV,BEV,76.22026507
258,2030,low,Luxury pickup,ICE-SI,21.62851786
259,2030,low,Luxury pickup,ICE-CI,23.62457765
260,2030,low,Luxury pickup,HEV-SI,27.12937839
261,2030,low,Luxury pickup,PHEV,52.7259489
262,2030,low,Luxury pickup,FCEV,39.65265951
263,2030,low,Luxury pickup,BEV,65.03684758
264,2030,low,Tractor Sleeper,ICE-SI,0
265,2030,low,Tractor Sleeper,ICE-CI,7.894142925
266,2030,low,Tractor Sleeper,HEV-SI,7.80775592
267,2030,low,Tractor Sleeper,PHEV,7.649371169
268,2030,low,Tractor Sleeper,FCEV,7.609138505
269,2030,low,Tractor Sleeper,BEV,13.34978364
270,2030,low,Tractor Day cab,ICE-SI,0
271,2030,low,Tractor Day cab,ICE-CI,7.314586763
272,2030,low,Tractor Day cab,HEV-SI,7.354355074
273,2030,low,Tractor Day cab,PHEV,7.683310393
274,2030,low,Tractor Day cab,FCEV,7.277243593
275,2030,low,Tractor Day cab,BEV,13.76604323
276,2030,low,Class 8 Vocational,ICE-SI,0
277,2030,low,Class 8 Vocational,ICE-CI,7.855658417
278,2030,low,Class 8 Vocational,HEV-SI,8.99590917
279,2030,low,Class 8 Vocational,PHEV,13.24608909
280,2030,low,Class 8 Vocational,FCEV,10.8409467
281,2030,low,Class 8 Vocational,BEV,20.15635701
282,2030,low,Class 6 Pickup Delivery,ICE-SI,0
283,2030,low,Class 6 Pickup Delivery,ICE-CI,11.4766542
284,2030,low,Class 6 Pickup Delivery,HEV-SI,13.27321122
285,2030,low,Class 6 Pickup Delivery,PHEV,20.75897262
286,2030,low,Class 6 Pickup Delivery,FCEV,17.15252515
287,2030,low,Class 6 Pickup Delivery,BEV,31.77050559
288,2030,low,Class 3 Pickup Delivery,ICE-SI,0
289,2030,low,Class 3 Pickup Delivery,ICE-CI,14.85778949
290,2030,low,Class 3 Pickup Delivery,HEV-SI,19.08335254
291,2030,low,Class 3 Pickup Delivery,PHEV,26.73012374
292,2030,low,Class 3 Pickup Delivery,FCEV,27.23406881
293,2030,low,Class 3 Pickup Delivery,BEV,50.73012849
294,2030,low,Class 8 Bus,ICE-SI,0
295,2030,low,Class 8 Bus,ICE-CI,0
296,2030,low,Class 8 Bus,HEV-SI,0
297,2030,low,Class 8 Bus,PHEV,0
298,2030,low,Class 8 Bus,FCEV,0
299,2030,low,Class 8 Bus,BEV,0
300,2030,low,Class 8 Refuse,ICE-SI,0
301,2030,low,Class 8 Refuse,ICE-CI,5.689900408
302,2030,low,Class 8 Refuse,HEV-SI,0
303,2030,low,Class 8 Refuse,PHEV,0
304,2030,low,Class 8 Refuse,FCEV,0
305,2030,low,Class 8 Refuse,BEV,0
306,2035,low,Compact sedan,ICE-SI,39.24261965
307,2035,low,Compact sedan,ICE-CI,40.59338587
308,2035,low,Compact sedan,HEV-SI,47.89855381
309,2035,low,Compact sedan,PHEV,97.31769832
310,2035,low,Compact sedan,FCEV,78.61617712
311,2035,low,Compact sedan,BEV,113.4622173
312,2035,low,Midsize sedan,ICE-SI,35.49608388
313,2035,low,Midsize sedan,ICE-CI,37.59090804
314,2035,low,Midsize sedan,HEV-SI,44.10281111
315,2035,low,Midsize sedan,PHEV,90.79689769
316,2035,low,Midsize sedan,FCEV,72.39225586
317,2035,low,Midsize sedan,BEV,106.9566823
318,2035,low,Small SUV,ICE-SI,33.59862023
319,2035,low,Small SUV,ICE-CI,35.99866073
320,2035,low,Small SUV,HEV-SI,39.96932167
321,2035,low,Small SUV,PHEV,80.54112445
322,2035,low,Small SUV,FCEV,64.34613195
323,2035,low,Small SUV,BEV,94.01591324
324,2035,low,Medium SUV,ICE-SI,31.89458066
325,2035,low,Medium SUV,ICE-CI,35.15860759
326,2035,low,Medium SUV,HEV-SI,37.89601556
327,2035,low,Medium SUV,PHEV,74.62334831
328,2035,low,Medium SUV,FCEV,60.18282739
329,2035,low,Medium SUV,BEV,86.92966529
330,2035,low,Pickup,ICE-SI,26.71745371
331,2035,low,Pickup,ICE-CI,28.96798527
332,2035,low,Pickup,HEV-SI,30.90317559
333,2035,low,Pickup,PHEV,62.26547039
334,2035,low,Pickup,FCEV,48.61306125
335,2035,low,Pickup,BEV,74.79760922
336,2035,low,Luxury compact,ICE-SI,35.84185313
337,2035,low,Luxury compact,ICE-CI,37.53956941
338,2035,low,Luxury compact,HEV-SI,43.60909743
339,2035,low,Luxury compact,PHEV,91.01810615
340,2035,low,Luxury compact,FCEV,71.86860211
341,2035,low,Luxury compact,BEV,107.4819806
342,2035,low,Luxury midsize car,ICE-SI,29.8432948
343,2035,low,Luxury midsize car,ICE-CI,32.0244973
344,2035,low,Luxury midsize car,HEV-SI,38.46456928
345,2035,low,Luxury midsize car,PHEV,83.75219907
346,2035,low,Luxury midsize car,FCEV,62.83880264
347,2035,low,Luxury midsize car,BEV,101.5145892
348,2035,low,Luxury small SUV,ICE-SI,30.76302372
349,2035,low,Luxury small SUV,ICE-CI,33.23082423
350,2035,low,Luxury small SUV,HEV-SI,36.60761216
351,2035,low,Luxury small SUV,PHEV,74.76315722
352,2035,low,Luxury small SUV,FCEV,58.93014036
353,2035,low,Luxury small SUV,BEV,90.31131933
354,2035,low,Luxury medium SUV,ICE-SI,27.9586028
355,2035,low,Luxury medium SUV,ICE-CI,30.49652115
356,2035,low,Luxury medium SUV,HEV-SI,33.37384186
357,2035,low,Luxury medium SUV,PHEV,67.29780392
358,2035,low,Luxury medium SUV,FCEV,52.8098088
359,2035,low,Luxury medium SUV,BEV,81.27188512
360,2035,low,Luxury pickup,ICE-SI,24.61520106
361,2035,low,Luxury pickup,ICE-CI,26.88722689
362,2035,low,Luxury pickup,HEV-SI,28.89502849
363,2035,low,Luxury pickup,PHEV,57.85781442
364,2035,low,Luxury pickup,FCEV,44.99156493
365,2035,low,Luxury pickup,BEV,69.46687561
366,2035,low,Tractor Sleeper,ICE-SI,0
367,2035,low,Tractor Sleeper,ICE-CI,8.142597221
368,2035,low,Tractor Sleeper,HEV-SI,7.971892659
369,2035,low,Tractor Sleeper,PHEV,8.182677075
370,2035,low,Tractor Sleeper,FCEV,7.997369985
371,2035,low,Tractor Sleeper,BEV,13.95035424
372,2035,low,Tractor Day cab,ICE-SI,0
373,2035,low,Tractor Day cab,ICE-CI,7.593533869
374,2035,low,Tractor Day cab,HEV-SI,7.661182754
375,2035,low,Tractor Day cab,PHEV,8.217382188
376,2035,low,Tractor Day cab,FCEV,7.711981949
377,2035,low,Tractor Day cab,BEV,14.35573218
378,2035,low,Class 8 Vocational,ICE-SI,0
379,2035,low,Class 8 Vocational,ICE-CI,8.186045243
380,2035,low,Class 8 Vocational,HEV-SI,9.330384869
381,2035,low,Class 8 Vocational,PHEV,14.25503676
382,2035,low,Class 8 Vocational,FCEV,11.66260181
383,2035,low,Class 8 Vocational,BEV,21.14227604
384,2035,low,Class 6 Pickup Delivery,ICE-SI,0
385,2035,low,Class 6 Pickup Delivery,ICE-CI,11.90145665
386,2035,low,Class 6 Pickup Delivery,HEV-SI,13.98585938
387,2035,low,Class 6 Pickup Delivery,PHEV,22.26291771
388,2035,low,Class 6 Pickup Delivery,FCEV,18.51201858
389,2035,low,Class 6 Pickup Delivery,BEV,33.31781088
390,2035,low,Class 3 Pickup Delivery,ICE-SI,0
391,2035,low,Class 3 Pickup Delivery,ICE-CI,15.28640592
392,2035,low,Class 3 Pickup Delivery,HEV-SI,20.33380449
393,2035,low,Class 3 Pickup Delivery,PHEV,28.53169965
394,2035,low,Class 3 Pickup Delivery,FCEV,29.51207176
395,2035,low,Class 3 Pickup Delivery,BEV,53.39037217
396,2035,low,Class 8 Bus,ICE-SI,0
397,2035,low,Class 8 Bus,ICE-CI,0
398,2035,low,Class 8 Bus,HEV-SI,0
399,2035,low,Class 8 Bus,PHEV,0
400,2035,low,Class 8 Bus,FCEV,0
401,2035,low,Class 8 Bus,BEV,0
402,2035,low,Class 8 Refuse,ICE-SI,0
403,2035,low,Class 8 Refuse,ICE-CI,0
404,2035,low,Class 8 Refuse,HEV-SI,0
405,2035,low,Class 8 Refuse,PHEV,0
406,2035,low,Class 8 Refuse,FCEV,0
407,2035,low,Class 8 Refuse,BEV,0
408,2050,low,Compact sedan,ICE-SI,43.09025219
409,2050,low,Compact sedan,ICE-CI,44.4087957
410,2050,low,Compact sedan,HEV-SI,53.08659142
411,2050,low,Compact sedan,PHEV,107.1382399
412,2050,low,Compact sedan,FCEV,86.48602489
413,2050,low,Compact sedan,BEV,126.7063475
414,2050,low,Midsize sedan,ICE-SI,39.27549278
415,2050,low,Midsize sedan,ICE-CI,41.15757711
416,2050,low,Midsize sedan,HEV-SI,49.14934363
417,2050,low,Midsize sedan,PHEV,100.2698116
418,2050,low,Midsize sedan,FCEV,79.50627672
419,2050,low,Midsize sedan,BEV,120.1629648
420,2050,low,Small SUV,ICE-SI,37.83680155
421,2050,low,Small SUV,ICE-CI,40.21187446
422,2050,low,Small SUV,HEV-SI,45.55997364
423,2050,low,Small SUV,PHEV,90.20297827
424,2050,low,Small SUV,FCEV,72.23700964
425,2050,low,Small SUV,BEV,107.0307364
426,2050,low,Medium SUV,ICE-SI,37.18431902
427,2050,low,Medium SUV,ICE-CI,39.18404726
428,2050,low,Medium SUV,HEV-SI,43.47420386
429,2050,low,Medium SUV,PHEV,83.55604689
430,2050,low,Medium SUV,FCEV,67.79711403
431,2050,low,Medium SUV,BEV,99.11242168
432,2050,low,Pickup,ICE-SI,30.23656392
433,2050,low,Pickup,ICE-CI,32.64980503
434,2050,low,Pickup,HEV-SI,35.33756058
435,2050,low,Pickup,PHEV,68.83638832
436,2050,low,Pickup,FCEV,54.74610161
437,2050,low,Pickup,BEV,85.46337511
438,2050,low,Luxury compact,ICE-SI,39.80308347
439,2050,low,Luxury compact,ICE-CI,41.16753397
440,2050,low,Luxury compact,HEV-SI,48.55886125
441,2050,low,Luxury compact,PHEV,100.2993263
442,2050,low,Luxury compact,FCEV,78.70426289
443,2050,low,Luxury compact,BEV,119.7436723
444,2050,low,Luxury midsize car,ICE-SI,32.97423523
445,2050,low,Luxury midsize car,ICE-CI,35.02724022
446,2050,low,Luxury midsize car,HEV-SI,42.68953472
447,2050,low,Luxury midsize car,PHEV,91.67760934
448,2050,low,Luxury midsize car,FCEV,68.5751517
449,2050,low,Luxury midsize car,BEV,113.8047846
450,2050,low,Luxury small SUV,ICE-SI,34.66164828
451,2050,low,Luxury small SUV,ICE-CI,37.09684511
452,2050,low,Luxury small SUV,HEV-SI,41.64412712
453,2050,low,Luxury small SUV,PHEV,83.45740799
454,2050,low,Luxury small SUV,FCEV,65.96434483
455,2050,low,Luxury small SUV,BEV,102.5516657
456,2050,low,Luxury medium SUV,ICE-SI,31.48085441
457,2050,low,Luxury medium SUV,ICE-CI,34.21789474
458,2050,low,Luxury medium SUV,HEV-SI,38.09345217
459,2050,low,Luxury medium SUV,PHEV,75.21211876
460,2050,low,Luxury medium SUV,FCEV,59.21621909
461,2050,low,Luxury medium SUV,BEV,92.51636792
462,2050,low,Luxury pickup,ICE-SI,28.47592228
463,2050,low,Luxury pickup,ICE-CI,30.27623036
464,2050,low,Luxury pickup,HEV-SI,32.9623134
465,2050,low,Luxury pickup,PHEV,64.67500604
466,2050,low,Luxury pickup,FCEV,50.50443206
467,2050,low,Luxury pickup,BEV,79.37203224
468,2050,low,Tractor Sleeper,ICE-SI,0
469,2050,low,Tractor Sleeper,ICE-CI,8.504559674
470,2050,low,Tractor Sleeper,HEV-SI,8.314101
471,2050,low,Tractor Sleeper,PHEV,8.81488517
472,2050,low,Tractor Sleeper,FCEV,8.609624868
473,2050,low,Tractor Sleeper,BEV,14.71001667
474,2050,low,Tractor Day cab,ICE-SI,0
475,2050,low,Tractor Day cab,ICE-CI,8.084448373
476,2050,low,Tractor Day cab,HEV-SI,8.083256829
477,2050,low,Tractor Day cab,PHEV,9.100952888
478,2050,low,Tractor Day cab,FCEV,8.481522865
479,2050,low,Tractor Day cab,BEV,15.4026795
480,2050,low,Class 8 Vocational,ICE-SI,0
481,2050,low,Class 8 Vocational,ICE-CI,8.796240879
482,2050,low,Class 8 Vocational,HEV-SI,10.14554429
483,2050,low,Class 8 Vocational,PHEV,15.81616533
484,2050,low,Class 8 Vocational,FCEV,13.05068817
485,2050,low,Class 8 Vocational,BEV,22.82282052
486,2050,low,Class 6 Pickup Delivery,ICE-SI,0
487,2050,low,Class 6 Pickup Delivery,ICE-CI,12.89505735
488,2050,low,Class 6 Pickup Delivery,HEV-SI,15.33682852
489,2050,low,Class 6 Pickup Delivery,PHEV,24.70365704
490,2050,low,Class 6 Pickup Delivery,FCEV,20.75848274
491,2050,low,Class 6 Pickup Delivery,BEV,36.07895621
492,2050,low,Class 3 Pickup Delivery,ICE-SI,0
493,2050,low,Class 3 Pickup Delivery,ICE-CI,15.94103091
494,2050,low,Class 3 Pickup Delivery,HEV-SI,21.83395755
495,2050,low,Class 3 Pickup Delivery,PHEV,31.10266195
496,2050,low,Class 3 Pickup Delivery,FCEV,33.2282874
497,2050,low,Class 3 Pickup Delivery,BEV,58.10123894
498,2050,low,Class 8 Bus,ICE-SI,0
499,2050,low,Class 8 Bus,ICE-CI,0
500,2050,low,Class 8 Bus,HEV-SI,0
501,2050,low,Class 8 Bus,PHEV,0
502,2050,low,Class 8 Bus,FCEV,0
503,2050,low,Class 8 Bus,BEV,0
504,2050,low,Class 8 Refuse,ICE-SI,0
505,2050,low,Class 8 Refuse,ICE-CI,6.245042907
506,2050,low,Class 8 Refuse,HEV-SI,0
507,2050,low,Class 8 Refuse,PHEV,0
508,2050,low,Class 8 Refuse,FCEV,0
509,2050,low,Class 8 Refuse,BEV,0
510,2020,high,Compact sedan,ICE-SI,27.63020649
511,2020,high,Compact sedan,ICE-CI,29.5617223
512,2020,high,Compact sedan,HEV-SI,39.32595141
513,2020,high,Compact sedan,PHEV,82.33065153
514,2020,high,Compact sedan,FCEV,62.9871478
515,2020,high,Compact sedan,BEV,98.60468242
516,2020,high,Midsize sedan,ICE-SI,24.28761493
517,2020,high,Midsize sedan,ICE-CI,26.8020774
518,2020,high,Midsize sedan,HEV-SI,35.92117873
519,2020,high,Midsize sedan,PHEV,75.61253987
520,2020,high,Midsize sedan,FCEV,56.72660482
521,2020,high,Midsize sedan,BEV,91.48414477
522,2020,high,Small SUV,ICE-SI,24.34269258
523,2020,high,Small SUV,ICE-CI,25.13222161
524,2020,high,Small SUV,HEV-SI,33.0797493
525,2020,high,Small SUV,PHEV,66.57122061
526,2020,high,Small SUV,FCEV,49.65864941
527,2020,high,Small SUV,BEV,78.74164969
528,2020,high,Medium SUV,ICE-SI,20.74382357
529,2020,high,Medium SUV,ICE-CI,23.83784421
530,2020,high,Medium SUV,HEV-SI,30.7952115
531,2020,high,Medium SUV,PHEV,61.0128791
532,2020,high,Medium SUV,FCEV,45.92378999
533,2020,high,Medium SUV,BEV,71.8058839
534,2020,high,Pickup,ICE-SI,17.07124772
535,2020,high,Pickup,ICE-CI,19.9734607
536,2020,high,Pickup,HEV-SI,25.40616708
537,2020,high,Pickup,PHEV,50.79820076
538,2020,high,Pickup,FCEV,37.51449558
539,2020,high,Pickup,BEV,61.26301485
540,2020,high,Luxury compact,ICE-SI,24.49093963
541,2020,high,Luxury compact,ICE-CI,27.63020649
542,2020,high,Luxury compact,HEV-SI,36.70647465
543,2020,high,Luxury compact,PHEV,77.12566021
544,2020,high,Luxury compact,FCEV,57.89020488
545,2020,high,Luxury compact,BEV,94.06043981
546,2020,high,Luxury midsize car,ICE-SI,19.46389993
547,2020,high,Luxury midsize car,ICE-CI,23.74086896
548,2020,high,Luxury midsize car,HEV-SI,32.41614771
549,2020,high,Luxury midsize car,PHEV,69.35262722
550,2020,high,Luxury midsize car,FCEV,49.39331756
551,2020,high,Luxury midsize car,BEV,87.11923265
552,2020,high,Luxury small SUV,ICE-SI,20.22562506
553,2020,high,Luxury small SUV,ICE-CI,23.50033224
554,2020,high,Luxury small SUV,HEV-SI,30.41837982
555,2020,high,Luxury small SUV,PHEV,61.7059161
556,2020,high,Luxury small SUV,FCEV,45.61675993
557,2020,high,Luxury small SUV,BEV,75.90336678
558,2020,high,Luxury medium SUV,ICE-SI,18.1935233
559,2020,high,Luxury medium SUV,ICE-CI,21.12368862
560,2020,high,Luxury medium SUV,HEV-SI,27.17138175
561,2020,high,Luxury medium SUV,PHEV,54.97047541
562,2020,high,Luxury medium SUV,FCEV,40.57792379
563,2020,high,Luxury medium SUV,BEV,67.29731088
564,2020,high,Luxury pickup,ICE-SI,16.01539458
565,2020,high,Luxury pickup,ICE-CI,18.4173189
566,2020,high,Luxury pickup,HEV-SI,23.48943706
567,2020,high,Luxury pickup,PHEV,47.35044327
568,2020,high,Luxury pickup,FCEV,34.74554347
569,2020,high,Luxury pickup,BEV,57.03890494
570,2020,high,Tractor Sleeper,ICE-SI,0
571,2020,high,Tractor Sleeper,ICE-CI,6.662059832
572,2020,high,Tractor Sleeper,HEV-SI,6.558133407
573,2020,high,Tractor Sleeper,PHEV,6.112357411
574,2020,high,Tractor Sleeper,FCEV,6.698717793
575,2020,high,Tractor Sleeper,BEV,11.58940057
576,2020,high,Tractor Day cab,ICE-SI,0
577,2020,high,Tractor Day cab,ICE-CI,6.141814345
578,2020,high,Tractor Day cab,HEV-SI,6.108303426
579,2020,high,Tractor Day cab,PHEV,6.196788078
580,2020,high,Tractor Day cab,FCEV,6.288801063
581,2020,high,Tractor Day cab,BEV,11.90195329
582,2020,high,Class 8 Vocational,ICE-SI,0
583,2020,high,Class 8 Vocational,ICE-CI,7.007061611
584,2020,high,Class 8 Vocational,HEV-SI,7.975711937
585,2020,high,Class 8 Vocational,PHEV,10.90092466
586,2020,high,Class 8 Vocational,FCEV,9.306433646
587,2020,high,Class 8 Vocational,BEV,17.46438335
588,2020,high,Class 6 Pickup Delivery,ICE-SI,0
589,2020,high,Class 6 Pickup Delivery,ICE-CI,10.17543865
590,2020,high,Class 6 Pickup Delivery,HEV-SI,11.2839136
591,2020,high,Class 6 Pickup Delivery,PHEV,16.97327235
592,2020,high,Class 6 Pickup Delivery,FCEV,14.36612176
593,2020,high,Class 6 Pickup Delivery,BEV,27.41375763
594,2020,high,Class 3 Pickup Delivery,ICE-SI,0
595,2020,high,Class 3 Pickup Delivery,ICE-CI,12.84752861
596,2020,high,Class 3 Pickup Delivery,HEV-SI,15.58990465
597,2020,high,Class 3 Pickup Delivery,PHEV,23.16486687
598,2020,high,Class 3 Pickup Delivery,FCEV,22.73133949
599,2020,high,Class 3 Pickup Delivery,BEV,43.18319504
600,2020,high,Class 8 Bus,ICE-SI,0
601,2020,high,Class 8 Bus,ICE-CI,7.078646106
602,2020,high,Class 8 Bus,HEV-SI,7.858125293
603,2020,high,Class 8 Bus,PHEV,3.789996338
604,2020,high,Class 8 Bus,FCEV,9.879618537
605,2020,high,Class 8 Bus,BEV,18.78536527
606,2020,high,Class 8 Refuse,ICE-SI,0
607,2020,high,Class 8 Refuse,ICE-CI,5.204443181
608,2020,high,Class 8 Refuse,HEV-SI,5.995502162
609,2020,high,Class 8 Refuse,PHEV,0
610,2020,high,Class 8 Refuse,FCEV,0
611,2020,high,Class 8 Refuse,BEV,18.31797016
612,2025,high,Compact sedan,ICE-SI,35.16112743
613,2025,high,Compact sedan,ICE-CI,40.35558378
614,2025,high,Compact sedan,HEV-SI,50.98050893
615,2025,high,Compact sedan,PHEV,95.75017602
616,2025,high,Compact sedan,FCEV,74.44689587
617,2025,high,Compact sedan,BEV,116.1564217
618,2025,high,Midsize sedan,ICE-SI,32.10032949
619,2025,high,Midsize sedan,ICE-CI,37.41114975
620,2025,high,Midsize sedan,HEV-SI,45.43858709
621,2025,high,Midsize sedan,PHEV,90.23821979
622,2025,high,Midsize sedan,FCEV,69.17121262
623,2025,high,Midsize sedan,BEV,110.783662
624,2025,high,Small SUV,ICE-SI,30.60336635
625,2025,high,Small SUV,ICE-CI,34.36271636
626,2025,high,Small SUV,HEV-SI,43.04715579
627,2025,high,Small SUV,PHEV,76.30532926
628,2025,high,Small SUV,FCEV,59.13034633
629,2025,high,Small SUV,BEV,93.36267686
630,2025,high,Medium SUV,ICE-SI,29.18260719
631,2025,high,Medium SUV,ICE-CI,32.93743899
632,2025,high,Medium SUV,HEV-SI,40.26295648
633,2025,high,Medium SUV,PHEV,70.38356374
634,2025,high,Medium SUV,FCEV,54.73379911
635,2025,high,Medium SUV,BEV,85.17932391
636,2025,high,Pickup,ICE-SI,23.42456162
637,2025,high,Pickup,ICE-CI,26.94200151
638,2025,high,Pickup,HEV-SI,32.90036972
639,2025,high,Pickup,PHEV,57.58707644
640,2025,high,Pickup,FCEV,43.90133522
641,2025,high,Pickup,BEV,72.28246873
642,2025,high,Luxury compact,ICE-SI,32.37974537
643,2025,high,Luxury compact,ICE-CI,37.41966083
644,2025,high,Luxury compact,HEV-SI,47.53563
645,2025,high,Luxury compact,PHEV,89.52703108
646,2025,high,Luxury compact,FCEV,68.32459203
647,2025,high,Luxury compact,BEV,110.6672317
648,2025,high,Luxury midsize car,ICE-SI,26.40708317
649,2025,high,Luxury midsize car,ICE-CI,32.40196432
650,2025,high,Luxury midsize car,HEV-SI,41.99083855
651,2025,high,Luxury midsize car,PHEV,82.19643145
652,2025,high,Luxury midsize car,FCEV,60.22676745
653,2025,high,Luxury midsize car,BEV,105.3932361
654,2025,high,Luxury small SUV,ICE-SI,27.12716781
655,2025,high,Luxury small SUV,ICE-CI,31.76344279
656,2025,high,Luxury small SUV,HEV-SI,39.37936177
657,2025,high,Luxury small SUV,PHEV,71.04899258
658,2025,high,Luxury small SUV,FCEV,54.20770543
659,2025,high,Luxury small SUV,BEV,89.97352763
660,2025,high,Luxury medium SUV,ICE-SI,24.45620096
661,2025,high,Luxury medium SUV,ICE-CI,28.70497232
662,2025,high,Luxury medium SUV,HEV-SI,35.39468292
663,2025,high,Luxury medium SUV,PHEV,63.27175577
664,2025,high,Luxury medium SUV,FCEV,48.0211325
665,2025,high,Luxury medium SUV,BEV,80.08706436
666,2025,high,Luxury pickup,ICE-SI,21.55369728
667,2025,high,Luxury pickup,ICE-CI,24.98558939
668,2025,high,Luxury pickup,HEV-SI,30.52233163
669,2025,high,Luxury pickup,PHEV,53.85205185
670,2025,high,Luxury pickup,FCEV,40.83916159
671,2025,high,Luxury pickup,BEV,67.52552586
672,2025,high,Tractor Sleeper,ICE-SI,0
673,2025,high,Tractor Sleeper,ICE-CI,8.26773601
674,2025,high,Tractor Sleeper,HEV-SI,8.28137436
675,2025,high,Tractor Sleeper,PHEV,8.470335537
676,2025,high,Tractor Sleeper,FCEV,8.337141321
677,2025,high,Tractor Sleeper,BEV,14.67354051
678,2025,high,Tractor Day cab,ICE-SI,0
679,2025,high,Tractor Day cab,ICE-CI,7.779469873
680,2025,high,Tractor Day cab,HEV-SI,8.005037101
681,2025,high,Tractor Day cab,PHEV,8.728699352
682,2025,high,Tractor Day cab,FCEV,8.192149855
683,2025,high,Tractor Day cab,BEV,15.41299838
684,2025,high,Class 8 Vocational,ICE-SI,0
685,2025,high,Class 8 Vocational,ICE-CI,8.556441995
686,2025,high,Class 8 Vocational,HEV-SI,9.779931664
687,2025,high,Class 8 Vocational,PHEV,14.32803828
688,2025,high,Class 8 Vocational,FCEV,11.47563959
689,2025,high,Class 8 Vocational,BEV,21.39787439
690,2025,high,Class 6 Pickup Delivery,ICE-SI,0
691,2025,high,Class 6 Pickup Delivery,ICE-CI,13.20301501
692,2025,high,Class 6 Pickup Delivery,HEV-SI,15.7157408
693,2025,high,Class 6 Pickup Delivery,PHEV,22.86440407
694,2025,high,Class 6 Pickup Delivery,FCEV,18.29859191
695,2025,high,Class 6 Pickup Delivery,BEV,34.06437872
696,2025,high,Class 3 Pickup Delivery,ICE-SI,0
697,2025,high,Class 3 Pickup Delivery,ICE-CI,15.78862338
698,2025,high,Class 3 Pickup Delivery,HEV-SI,20.52047856
699,2025,high,Class 3 Pickup Delivery,PHEV,27.46839883
700,2025,high,Class 3 Pickup Delivery,FCEV,28.86896911
701,2025,high,Class 3 Pickup Delivery,BEV,54.35759053
702,2025,high,Class 8 Bus,ICE-SI,0
703,2025,high,Class 8 Bus,ICE-CI,0
704,2025,high,Class 8 Bus,HEV-SI,0
705,2025,high,Class 8 Bus,PHEV,0
706,2025,high,Class 8 Bus,FCEV,0
707,2025,high,Class 8 Bus,BEV,0
708,2025,high,Class 8 Refuse,ICE-SI,0
709,2025,high,Class 8 Refuse,ICE-CI,0
710,2025,high,Class 8 Refuse,HEV-SI,0
711,2025,high,Class 8 Refuse,PHEV,0
712,2025,high,Class 8 Refuse,FCEV,0
713,2025,high,Class 8 Refuse,BEV,0
714,2030,high,Compact sedan,ICE-SI,42.76040881
715,2030,high,Compact sedan,ICE-CI,43.26750122
716,2030,high,Compact sedan,HEV-SI,52.62034132
717,2030,high,Compact sedan,PHEV,98.15439943
718,2030,high,Compact sedan,FCEV,79.90171344
719,2030,high,Compact sedan,BEV,121.5376333
720,2030,high,Midsize sedan,ICE-SI,40.79372421
721,2030,high,Midsize sedan,ICE-CI,40.89692364
722,2030,high,Midsize sedan,HEV-SI,50.88597067
723,2030,high,Midsize sedan,PHEV,93.72286992
724,2030,high,Midsize sedan,FCEV,75.70781126
725,2030,high,Midsize sedan,BEV,117.7303593
726,2030,high,Small SUV,ICE-SI,36.65379647
727,2030,high,Small SUV,ICE-CI,36.91273266
728,2030,high,Small SUV,HEV-SI,44.57069524
729,2030,high,Small SUV,PHEV,77.61754759
730,2030,high,Small SUV,FCEV,63.14292612
731,2030,high,Small SUV,BEV,97.18891494
732,2030,high,Medium SUV,ICE-SI,35.17846197
733,2030,high,Medium SUV,ICE-CI,35.56903775
734,2030,high,Medium SUV,HEV-SI,41.76373624
735,2030,high,Medium SUV,PHEV,71.73375532
736,2030,high,Medium SUV,FCEV,58.65932794
737,2030,high,Medium SUV,BEV,89.01822417
738,2030,high,Pickup,ICE-SI,29.58728639
739,2030,high,Pickup,ICE-CI,29.58625863
740,2030,high,Pickup,HEV-SI,35.06184298
741,2030,high,Pickup,PHEV,59.29425253
742,2030,high,Pickup,FCEV,47.68654653
743,2030,high,Pickup,BEV,76.10613429
744,2030,high,Luxury compact,ICE-SI,39.74568185
745,2030,high,Luxury compact,ICE-CI,40.46497614
746,2030,high,Luxury compact,HEV-SI,49.08884053
747,2030,high,Luxury compact,PHEV,91.90270126
748,2030,high,Luxury compact,FCEV,73.71453177
749,2030,high,Luxury compact,BEV,115.9725637
750,2030,high,Luxury midsize car,ICE-SI,35.55676444
751,2030,high,Luxury midsize car,ICE-CI,36.06084049
752,2030,high,Luxury midsize car,HEV-SI,45.2702049
753,2030,high,Luxury midsize car,PHEV,85.78766466
754,2030,high,Luxury midsize car,FCEV,66.59264097
755,2030,high,Luxury midsize car,BEV,112.0584957
756,2030,high,Luxury small SUV,ICE-SI,34.12315362
757,2030,high,Luxury small SUV,ICE-CI,34.39435795
758,2030,high,Luxury small SUV,HEV-SI,40.6858587
759,2030,high,Luxury small SUV,PHEV,72.29034935
760,2030,high,Luxury small SUV,FCEV,58.27132122
761,2030,high,Luxury small SUV,BEV,93.83709598
762,2030,high,Luxury medium SUV,ICE-SI,31.11514904
763,2030,high,Luxury medium SUV,ICE-CI,31.37949611
764,2030,high,Luxury medium SUV,HEV-SI,37.62666086
765,2030,high,Luxury medium SUV,PHEV,64.63119096
766,2030,high,Luxury medium SUV,FCEV,51.99768735
767,2030,high,Luxury medium SUV,BEV,84.07154758
768,2030,high,Luxury pickup,ICE-SI,27.74227141
769,2030,high,Luxury pickup,ICE-CI,27.7401057
770,2030,high,Luxury pickup,HEV-SI,32.57363189
771,2030,high,Luxury pickup,PHEV,55.83097655
772,2030,high,Luxury pickup,FCEV,44.29937029
773,2030,high,Luxury pickup,BEV,71.41823129
774,2030,high,Tractor Sleeper,ICE-SI,0
775,2030,high,Tractor Sleeper,ICE-CI,9.154178339
776,2030,high,Tractor Sleeper,HEV-SI,9.222836106
777,2030,high,Tractor Sleeper,PHEV,9.967256512
778,2030,high,Tractor Sleeper,FCEV,9.08900464
779,2030,high,Tractor Sleeper,BEV,16.07172138
780,2030,high,Tractor Day cab,ICE-SI,0
781,2030,high,Tractor Day cab,ICE-CI,8.592346424
782,2030,high,Tractor Day cab,HEV-SI,8.891744513
783,2030,high,Tractor Day cab,PHEV,10.02271427
784,2030,high,Tractor Day cab,FCEV,8.920555644
785,2030,high,Tractor Day cab,BEV,16.66022522
786,2030,high,Class 8 Vocational,ICE-SI,0
787,2030,high,Class 8 Vocational,ICE-CI,9.300321327
788,2030,high,Class 8 Vocational,HEV-SI,10.56808503
789,2030,high,Class 8 Vocational,PHEV,15.81641845
790,2030,high,Class 8 Vocational,FCEV,12.55426293
791,2030,high,Class 8 Vocational,BEV,22.99119539
792,2030,high,Class 6 Pickup Delivery,ICE-SI,0
793,2030,high,Class 6 Pickup Delivery,ICE-CI,14.10379398
794,2030,high,Class 6 Pickup Delivery,HEV-SI,17.02527251
795,2030,high,Class 6 Pickup Delivery,PHEV,25.30048753
796,2030,high,Class 6 Pickup Delivery,FCEV,20.08736477
797,2030,high,Class 6 Pickup Delivery,BEV,36.61591569
798,2030,high,Class 3 Pickup Delivery,ICE-SI,0
799,2030,high,Class 3 Pickup Delivery,ICE-CI,16.7274591
800,2030,high,Class 3 Pickup Delivery,HEV-SI,22.75756181
801,2030,high,Class 3 Pickup Delivery,PHEV,30.10671964
802,2030,high,Class 3 Pickup Delivery,FCEV,31.9048524
803,2030,high,Class 3 Pickup Delivery,BEV,58.83412414
804,2030,high,Class 8 Bus,ICE-SI,0
805,2030,high,Class 8 Bus,ICE-CI,10.07691227
806,2030,high,Class 8 Bus,HEV-SI,0
807,2030,high,Class 8 Bus,PHEV,0
808,2030,high,Class 8 Bus,FCEV,15.01726731
809,2030,high,Class 8 Bus,BEV,0
810,2030,high,Class 8 Refuse,ICE-SI,0
811,2030,high,Class 8 Refuse,ICE-CI,6.564693768
812,2030,high,Class 8 Refuse,HEV-SI,0
813,2030,high,Class 8 Refuse,PHEV,0
814,2030,high,Class 8 Refuse,FCEV,12.66449696
815,2030,high,Class 8 Refuse,BEV,0
816,2035,high,Compact sedan,ICE-SI,45.89230147
817,2035,high,Compact sedan,ICE-CI,48.42794958
818,2035,high,Compact sedan,HEV-SI,56.99745979
819,2035,high,Compact sedan,PHEV,108.5489766
820,2035,high,Compact sedan,FCEV,92.72556966
821,2035,high,Compact sedan,BEV,128.6291922
822,2035,high,Midsize sedan,ICE-SI,45.00146051
823,2035,high,Midsize sedan,ICE-CI,46.15598615
824,2035,high,Midsize sedan,HEV-SI,54.960944
825,2035,high,Midsize sedan,PHEV,105.6930197
826,2035,high,Midsize sedan,FCEV,89.5094867
827,2035,high,Midsize sedan,BEV,126.2875252
828,2035,high,Small SUV,ICE-SI,40.32297543
829,2035,high,Small SUV,ICE-CI,42.05536354
830,2035,high,Small SUV,HEV-SI,48.60203333
831,2035,high,Small SUV,PHEV,87.25057961
832,2035,high,Small SUV,FCEV,74.37681171
833,2035,high,Small SUV,BEV,104.4904058
834,2035,high,Medium SUV,ICE-SI,38.66281815
835,2035,high,Medium SUV,ICE-CI,39.87648481
836,2035,high,Medium SUV,HEV-SI,44.57852607
837,2035,high,Medium SUV,PHEV,80.37416883
838,2035,high,Medium SUV,FCEV,69.07898453
839,2035,high,Medium SUV,BEV,96.17731293
840,2035,high,Pickup,ICE-SI,32.37336446
841,2035,high,Pickup,ICE-CI,33.71853032
842,2035,high,Pickup,HEV-SI,39.45856948
843,2035,high,Pickup,PHEV,66.3221208
844,2035,high,Pickup,FCEV,55.94526542
845,2035,high,Pickup,BEV,81.91317514
846,2035,high,Luxury compact,ICE-SI,42.8649525
847,2035,high,Luxury compact,ICE-CI,44.67957196
848,2035,high,Luxury compact,HEV-SI,52.41102328
849,2035,high,Luxury compact,PHEV,101.3302523
850,2035,high,Luxury compact,FCEV,85.14347171
851,2035,high,Luxury compact,BEV,121.7814366
852,2035,high,Luxury midsize car,ICE-SI,39.66994645
853,2035,high,Luxury midsize car,ICE-CI,39.74152026
854,2035,high,Luxury midsize car,HEV-SI,47.82639991
855,2035,high,Luxury midsize car,PHEV,96.44289267
856,2035,high,Luxury midsize car,FCEV,78.66816295
857,2035,high,Luxury midsize car,BEV,119.6294758
858,2035,high,Luxury small SUV,ICE-SI,37.61810921
859,2035,high,Luxury small SUV,ICE-CI,38.98256053
860,2035,high,Luxury small SUV,HEV-SI,43.20890577
861,2035,high,Luxury small SUV,PHEV,80.68349205
862,2035,high,Luxury small SUV,FCEV,68.51180512
863,2035,high,Luxury small SUV,BEV,100.4292417
864,2035,high,Luxury medium SUV,ICE-SI,34.17398509
865,2035,high,Luxury medium SUV,ICE-CI,35.66600373
866,2035,high,Luxury medium SUV,HEV-SI,43.3446043
867,2035,high,Luxury medium SUV,PHEV,72.09678386
868,2035,high,Luxury medium SUV,FCEV,61.12990757
869,2035,high,Luxury medium SUV,BEV,90.07451537
870,2035,high,Luxury pickup,ICE-SI,30.39951626
871,2035,high,Luxury pickup,ICE-CI,31.39270933
872,2035,high,Luxury pickup,HEV-SI,37.63776764
873,2035,high,Luxury pickup,PHEV,61.94348042
874,2035,high,Luxury pickup,FCEV,51.88125927
875,2035,high,Luxury pickup,BEV,76.86099471
876,2035,high,Tractor Sleeper,ICE-SI,0
877,2035,high,Tractor Sleeper,ICE-CI,9.909196866
878,2035,high,Tractor Sleeper,HEV-SI,10.03815201
879,2035,high,Tractor Sleeper,PHEV,11.06505137
880,2035,high,Tractor Sleeper,FCEV,10.05625986
881,2035,high,Tractor Sleeper,BEV,17.17690408
882,2035,high,Tractor Day cab,ICE-SI,0
883,2035,high,Tractor Day cab,ICE-CI,9.294177038
884,2035,high,Tractor Day cab,HEV-SI,9.616573209
885,2035,high,Tractor Day cab,PHEV,11.07106182
886,2035,high,Tractor Day cab,FCEV,9.819727911
887,2035,high,Tractor - Day cab,BEV,17.74720717
888,2035,high,Class 8 Vocational,ICE-SI,0
889,2035,high,Class 8 Vocational,ICE-CI,9.748267629
890,2035,high,Class 8 Vocational,HEV-SI,11.09893095
891,2035,high,Class 8 Vocational,PHEV,17.04645361
892,2035,high,Class 8 Vocational,FCEV,13.65247047
893,2035,high,Class 8 Vocational,BEV,23.9098313
894,2035,high,Class 6 Pickup Delivery,ICE-SI,0
895,2035,high,Class 6 Pickup Delivery,ICE-CI,14.51178689
896,2035,high,Class 6 Pickup Delivery,HEV-SI,17.7142522
897,2035,high,Class 6 Pickup Delivery,PHEV,26.89044709
898,2035,high,Class 6 Pickup Delivery,FCEV,21.82413824
899,2035,high,Class 6 Pickup Delivery,BEV,38.02479661
900,2035,high,Class 3 Pickup Delivery,ICE-SI,0
901,2035,high,Class 3 Pickup Delivery,ICE-CI,17.15044832
902,2035,high,Class 3 Pickup Delivery,HEV-SI,25.42501829
903,2035,high,Class 3 Pickup Delivery,PHEV,31.49279706
904,2035,high,Class 3 Pickup Delivery,FCEV,34.90156423
905,2035,high,Class 3 Pickup Delivery,BEV,61.27032554
906,2035,high,Class 8 Bus,ICE-SI,0
907,2035,high,Class 8 Bus,ICE-CI,0
908,2035,high,Class 8 Bus,HEV-SI,0
909,2035,high,Class 8 Bus,PHEV,0
910,2035,high,Class 8 Bus,FCEV,0
911,2035,high,Class 8 Bus,BEV,0
912,2035,high,Class 8 Refuse,ICE-SI,0
913,2035,high,Class 8 Refuse,ICE-CI,0
914,2035,high,Class 8 Refuse,HEV-SI,0
915,2035,high,Class 8 Refuse,PHEV,0
916,2035,high,Class 8 Refuse,FCEV,0
917,2035,high,Class 8 Refuse,BEV,0
918,2050,high,Compact sedan,ICE-SI,51.71280262
919,2050,high,Compact sedan,ICE-CI,53.28080229
920,2050,high,Compact sedan,HEV-SI,63.52792105
921,2050,high,Compact sedan,PHEV,119.9161144
922,2050,high,Compact sedan,FCEV,102.7127022
923,2050,high,Compact sedan,BEV,142.4923168
924,2050,high,Midsize sedan,ICE-SI,48.28406926
925,2050,high,Midsize sedan,ICE-CI,50.94800616
926,2050,high,Midsize sedan,HEV-SI,61.41320291
927,2050,high,Midsize sedan,PHEV,117.7837752
928,2050,high,Midsize sedan,FCEV,100.1685221
929,2050,high,Midsize sedan,BEV,141.2312672
930,2050,high,Small SUV,ICE-SI,45.68315644
931,2050,high,Small SUV,ICE-CI,47.69425974
932,2050,high,Small SUV,HEV-SI,54.14907086
933,2050,high,Small SUV,PHEV,99.35918927
934,2050,high,Small SUV,FCEV,85.01733909
935,2050,high,Small SUV,BEV,119.1967402
936,2050,high,Medium SUV,ICE-SI,44.17970431
937,2050,high,Medium SUV,ICE-CI,46.0107673
938,2050,high,Medium SUV,HEV-SI,51.30061625
939,2050,high,Medium SUV,PHEV,91.32479592
940,2050,high,Medium SUV,FCEV,79.02955939
941,2050,high,Medium SUV,BEV,109.6448953
942,2050,high,Pickup,ICE-SI,36.06981427
943,2050,high,Pickup,ICE-CI,38.34635458
944,2050,high,Pickup,HEV-SI,41.52090087
945,2050,high,Pickup,PHEV,74.82987491
946,2050,high,Pickup,FCEV,63.41982472
947,2050,high,Pickup,BEV,93.04647959
948,2050,high,Luxury compact,ICE-SI,47.56250048
949,2050,high,Luxury compact,ICE-CI,48.98593719
950,2050,high,Luxury compact,HEV-SI,58.29780729
951,2050,high,Luxury compact,PHEV,111.8807391
952,2050,high,Luxury compact,FCEV,93.82167967
953,2050,high,Luxury compact,BEV,134.4095649
954,2050,high,Luxury midsize car,ICE-SI,43.18475652
955,2050,high,Luxury midsize car,ICE-CI,44.00759106
956,2050,high,Luxury midsize car,HEV-SI,53.88957285
957,2050,high,Luxury midsize car,PHEV,107.6728806
958,2050,high,Luxury midsize car,FCEV,87.60407401
959,2050,high,Luxury midsize car,BEV,133.5042556
960,2050,high,Luxury small SUV,ICE-SI,42.73422963
961,2050,high,Luxury small SUV,ICE-CI,44.25812759
962,2050,high,Luxury small SUV,HEV-SI,49.41650964
963,2050,high,Luxury small SUV,PHEV,92.07534543
964,2050,high,Luxury small SUV,FCEV,78.18080529
965,2050,high,Luxury small SUV,BEV,114.2964691
966,2050,high,Luxury medium SUV,ICE-SI,39.18920961
967,2050,high,Luxury medium SUV,ICE-CI,40.54378008
968,2050,high,Luxury medium SUV,HEV-SI,45.13133152
969,2050,high,Luxury medium SUV,PHEV,82.53706872
970,2050,high,Luxury medium SUV,FCEV,69.71311368
971,2050,high,Luxury medium SUV,BEV,102.5805298
972,2050,high,Luxury pickup,ICE-SI,34.43197062
973,2050,high,Luxury pickup,ICE-CI,35.68380627
974,2050,high,Luxury pickup,HEV-SI,38.82089701
975,2050,high,Luxury pickup,PHEV,70.14644208
976,2050,high,Luxury pickup,FCEV,58.77728511
977,2050,high,Luxury pickup,BEV,87.10187091
978,2050,high,Tractor Sleeper,ICE-SI,0
979,2050,high,Tractor Sleeper,ICE-CI,10.71380006
980,2050,high,Tractor Sleeper,HEV-SI,10.89495009
981,2050,high,Tractor Sleeper,PHEV,12.2038171
982,2050,high,Tractor Sleeper,FCEV,11.46379164
983,2050,high,Tractor Sleeper,BEV,18.2417224
984,2050,high,Tractor Day cab,ICE-SI,0
985,2050,high,Tractor Day cab,ICE-CI,10.02399157
986,2050,high,Tractor Day cab,HEV-SI,10.32997066
987,2050,high,Tractor Day cab,PHEV,12.23457056
988,2050,high,Tractor Day cab,FCEV,11.33947461
989,2050,high,Tractor Day cab,BEV,18.84773961
990,2050,high,Class 8 Vocational,ICE-SI,0
991,2050,high,Class 8 Vocational,ICE-CI,10.42375229
992,2050,high,Class 8 Vocational,HEV-SI,12.00438546
993,2050,high,Class 8 Vocational,PHEV,18.43811211
994,2050,high,Class 8 Vocational,FCEV,14.809629
995,2050,high,Class 8 Vocational,BEV,25.1554807
996,2050,high,Class 6 Pickup Delivery,ICE-SI,0
997,2050,high,Class 6 Pickup Delivery,ICE-CI,15.22424586
998,2050,high,Class 6 Pickup Delivery,HEV-SI,18.68988823
999,2050,high,Class 6 Pickup Delivery,PHEV,29.03150839
1000,2050,high,Class 6 Pickup Delivery,FCEV,23.6565511
1001,2050,high,Class 6 Pickup Delivery,BEV,39.93051606
1002,2050,high,Class 3 Pickup Delivery,ICE-SI,0
1003,2050,high,Class 3 Pickup Delivery,ICE-CI,17.93575995
1004,2050,high,Class 3 Pickup Delivery,HEV-SI,27.05681387
1005,2050,high,Class 3 Pickup Delivery,PHEV,33.7238694
1006,2050,high,Class 3 Pickup Delivery,FCEV,38.08268133
1007,2050,high,Class 3 Pickup Delivery,BEV,64.75465908
1008,2050,high,Class 8 Bus,ICE-SI,0
1009,2050,high,Class 8 Bus,ICE-CI,12.04610821
1010,2050,high,Class 8 Bus,HEV-SI,0
1011,2050,high,Class 8 Bus,PHEV,0
1012,2050,high,Class 8 Bus,FCEV,18.69086455
1013,2050,high,Class 8 Bus,BEV,0
1014,2050,high,Class 8 Refuse,ICE-SI,0
1015,2050,high,Class 8 Refuse,ICE-CI,7.459448381
1016,2050,high,Class 8 Refuse,HEV-SI,0
1017,2050,high,Class 8 Refuse,PHEV,0
1018,2050,high,Class 8 Refuse,FCEV,15.29842204
1019,2050,high,Class 8 Refuse,BEV,0
1020,AEO_Model_Year_2020,N/A,Compact sedan,ICE-SI,50.627792
1021,AEO_Model_Year_2020,N/A,Compact sedan,ICE-CI,60.08844
1022,AEO_Model_Year_2020,N/A,Compact sedan,HEV-SI,73.948318
1023,AEO_Model_Year_2020,N/A,Compact sedan,PHEV,75.209869
1024,AEO_Model_Year_2020,N/A,Compact sedan,FCEV,62.783306
1025,AEO_Model_Year_2020,N/A,Compact sedan,BEV,142.823914
1026,AEO_Model_Year_2020,N/A,Midsize sedan,ICE-SI,54.909092
1027,AEO_Model_Year_2020,N/A,Midsize sedan,ICE-CI,63.347771
1028,AEO_Model_Year_2020,N/A,Midsize sedan,HEV-SI,80.938477
1029,AEO_Model_Year_2020,N/A,Midsize sedan,PHEV,79.815636
1030,AEO_Model_Year_2020,N/A,Midsize sedan,FCEV,60.828808
1031,AEO_Model_Year_2020,N/A,Midsize sedan,BEV,138.37767
1032,AEO_Model_Year_2020,N/A,Small SUV,ICE-SI,44.738636
1033,AEO_Model_Year_2020,N/A,Small SUV,ICE-CI,50.462502
1034,AEO_Model_Year_2020,N/A,Small SUV,HEV-SI,65.235588
1035,AEO_Model_Year_2020,N/A,Small SUV,PHEV,67.087692
1036,AEO_Model_Year_2020,N/A,Small SUV,FCEV,55.577328
1037,AEO_Model_Year_2020,N/A,Small SUV,BEV,126.431236
1038,AEO_Model_Year_2020,N/A,Medium SUV,ICE-SI,38.634918
1039,AEO_Model_Year_2020,N/A,Medium SUV,ICE-CI,39.758301
1040,AEO_Model_Year_2020,N/A,Medium SUV,HEV-SI,55.935467
1041,AEO_Model_Year_2020,N/A,Medium SUV,PHEV,57.315964
1042,AEO_Model_Year_2020,N/A,Medium SUV,FCEV,0
1043,AEO_Model_Year_2020,N/A,Medium SUV,BEV,113.167549
1044,AEO_Model_Year_2020,N/A,Pickup,ICE-SI,32.575039
1045,AEO_Model_Year_2020,N/A,Pickup,ICE-CI,36.701744
1046,AEO_Model_Year_2020,N/A,Pickup,HEV-SI,47.196163
1047,AEO_Model_Year_2020,N/A,Pickup,PHEV,0
1048,AEO_Model_Year_2020,N/A,Pickup,FCEV,0
1049,AEO_Model_Year_2020,N/A,Pickup,BEV,0
1050,AEO_Model_Year_2020,N/A,Luxury compact,ICE-SI,50.627792
1051,AEO_Model_Year_2020,N/A,Luxury compact,ICE-CI,60.08844
1052,AEO_Model_Year_2020,N/A,Luxury compact,HEV-SI,73.948318
1053,AEO_Model_Year_2020,N/A,Luxury compact,PHEV,75.209869
1054,AEO_Model_Year_2020,N/A,Luxury compact,FCEV,62.783306
1055,AEO_Model_Year_2020,N/A,Luxury compact,BEV,142.823914
1056,AEO_Model_Year_2020,N/A,Luxury midsize car,ICE-SI,54.909092
1057,AEO_Model_Year_2020,N/A,Luxury midsize car,ICE-CI,63.347771
1058,AEO_Model_Year_2020,N/A,Luxury midsize car,HEV-SI,80.938477
1059,AEO_Model_Year_2020,N/A,Luxury midsize car,PHEV,79.815636
1060,AEO_Model_Year_2020,N/A,Luxury midsize car,FCEV,60.828808
1061,AEO_Model_Year_2020,N/A,Luxury midsize car,BEV,138.37767
1062,AEO_Model_Year_2020,N/A,Luxury small SUV,ICE-SI,44.738636
1063,AEO_Model_Year_2020,N/A,Luxury small SUV,ICE-CI,50.462502
1064,AEO_Model_Year_2020,N/A,Luxury small SUV,HEV-SI,65.235588
1065,AEO_Model_Year_2020,N/A,Luxury small SUV,PHEV,67.087692
1066,AEO_Model_Year_2020,N/A,Luxury small SUV,FCEV,55.577328
1067,AEO_Model_Year_2020,N/A,Luxury small SUV,BEV,126.431236
1068,AEO_Model_Year_2020,N/A,Luxury medium SUV,ICE-SI,38.634918
1069,AEO_Model_Year_2020,N/A,Luxury medium SUV,ICE-CI,39.758301
1070,AEO_Model_Year_2020,N/A,Luxury medium SUV,HEV-SI,55.935467
1071,AEO_Model_Year_2020,N/A,Luxury medium SUV,PHEV,57.315964
1072,AEO_Model_Year_2020,N/A,Luxury medium SUV,FCEV,0
1073,AEO_Model_Year_2020,N/A,Luxury medium SUV,BEV,113.167549
1074,AEO_Model_Year_2020,N/A,Luxury pickup,ICE-SI,32.575039
1075,AEO_Model_Year_2020,N/A,Luxury pickup,ICE-CI,36.701744
1076,AEO_Model_Year_2020,N/A,Luxury pickup,HEV-SI,47.196163
1077,AEO_Model_Year_2020,N/A,Luxury pickup,PHEV,0
1078,AEO_Model_Year_2020,N/A,Luxury pickup,FCEV,0
1079,AEO_Model_Year_2020,N/A,Luxury pickup,BEV,0
1080,AEO_Model_Year_2020,N/A,Tractor Sleeper,ICE-SI,7.566615142
1081,AEO_Model_Year_2020,N/A,Tractor Sleeper,ICE-CI,6.923852
1082,AEO_Model_Year_2020,N/A,Tractor Sleeper,HEV-SI,0
1083,AEO_Model_Year_2020,N/A,Tractor Sleeper,PHEV,9.8009
1084,AEO_Model_Year_2020,N/A,Tractor Sleeper,FCEV,6.90666
1085,AEO_Model_Year_2020,N/A,Tractor Sleeper,BEV,11.118338
1086,AEO_Model_Year_2020,N/A,Tractor Day cab,ICE-SI,7.566615142
1087,AEO_Model_Year_2020,N/A,Tractor Day cab,ICE-CI,6.923852
1088,AEO_Model_Year_2020,N/A,Tractor Day cab,HEV-SI,0
1089,AEO_Model_Year_2020,N/A,Tractor Day cab,PHEV,9.8009
1090,AEO_Model_Year_2020,N/A,Tractor Day cab,FCEV,6.90666
1091,AEO_Model_Year_2020,N/A,Tractor Day cab,BEV,11.118338
1092,AEO_Model_Year_2020,N/A,Class 8 Vocational,ICE-SI,7.566615142
1093,AEO_Model_Year_2020,N/A,Class 8 Vocational,ICE-CI,6.923852
1094,AEO_Model_Year_2020,N/A,Class 8 Vocational,HEV-SI,0
1095,AEO_Model_Year_2020,N/A,Class 8 Vocational,PHEV,9.8009
1096,AEO_Model_Year_2020,N/A,Class 8 Vocational,FCEV,6.90666
1097,AEO_Model_Year_2020,N/A,Class 8 Vocational,BEV,11.118338
1098,AEO_Model_Year_2020,N/A,Class 6 Pickup Delivery,ICE-SI,8.928860234
1099,AEO_Model_Year_2020,N/A,Class 6 Pickup Delivery,ICE-CI,11.04224
1100,AEO_Model_Year_2020,N/A,Class 6 Pickup Delivery,HEV-SI,0
1101,AEO_Model_Year_2020,N/A,Class 6 Pickup Delivery,PHEV,16.008955
1102,AEO_Model_Year_2020,N/A,Class 6 Pickup Delivery,FCEV,11.520415
1103,AEO_Model_Year_2020,N/A,Class 6 Pickup Delivery,BEV,18.525387
1104,AEO_Model_Year_2020,N/A,Class 3 Pickup Delivery,ICE-SI,13.87180945
1105,AEO_Model_Year_2020,N/A,Class 3 Pickup Delivery,ICE-CI,17.466902
1106,AEO_Model_Year_2020,N/A,Class 3 Pickup Delivery,HEV-SI,0
1107,AEO_Model_Year_2020,N/A,Class 3 Pickup Delivery,PHEV,24.896505
1108,AEO_Model_Year_2020,N/A,Class 3 Pickup Delivery,FCEV,16.244858
1109,AEO_Model_Year_2020,N/A,Class 3 Pickup Delivery,BEV,27.570593
1110,AEO_Model_Year_2020,N/A,Class 8 Bus,ICE-SI,7.566615142
1111,AEO_Model_Year_2020,N/A,Class 8 Bus,ICE-CI,6.923852
1112,AEO_Model_Year_2020,N/A,Class 8 Bus,HEV-SI,0
1113,AEO_Model_Year_2020,N/A,Class 8 Bus,PHEV,9.8009
1114,AEO_Model_Year_2020,N/A,Class 8 Bus,FCEV,6.90666
1115,AEO_Model_Year_2020,N/A,Class 8 Bus,BEV,11.118338
1116,AEO_Model_Year_2020,N/A,Class 8 Refuse,ICE-SI,7.566615142
1117,AEO_Model_Year_2020,N/A,Class 8 Refuse,ICE-CI,6.923852
1118,AEO_Model_Year_2020,N/A,Class 8 Refuse,HEV-SI,0
1119,AEO_Model_Year_2020,N/A,Class 8 Refuse,PHEV,9.8009
1120,AEO_Model_Year_2020,N/A,Class 8 Refuse,FCEV,6.90666
1121,AEO_Model_Year_2020,N/A,Class 8 Refuse,BEV,11.118338
1122,Real_World_Today,N/A,Compact sedan,ICE-SI,29.18308784
1123,Real_World_Today,N/A,Compact sedan,ICE-CI,0
1124,Real_World_Today,N/A,Compact sedan,HEV-SI,49.57600759
1125,Real_World_Today,N/A,Compact sedan,PHEV,70.63706449
1126,Real_World_Today,N/A,Compact sedan,FCEV,0
1127,Real_World_Today,N/A,Compact sedan,BEV,123.2483527
1128,Real_World_Today,N/A,Midsize sedan,ICE-SI,29.18308784
1129,Real_World_Today,N/A,Midsize sedan,ICE-CI,0
1130,Real_World_Today,N/A,Midsize sedan,HEV-SI,49.57600759
1131,Real_World_Today,N/A,Midsize sedan,PHEV,70.63706449
1132,Real_World_Today,N/A,Midsize sedan,FCEV,0
1133,Real_World_Today,N/A,Midsize sedan,BEV,123.2483527
1134,Real_World_Today,N/A,Small SUV,ICE-SI,25.79081046
1135,Real_World_Today,N/A,Small SUV,ICE-CI,0
1136,Real_World_Today,N/A,Small SUV,HEV-SI,43.10867791
1137,Real_World_Today,N/A,Small SUV,PHEV,47.63997829
1138,Real_World_Today,N/A,Small SUV,FCEV,55.68855902
1139,Real_World_Today,N/A,Small SUV,BEV,0
1140,Real_World_Today,N/A,Medium SUV,ICE-SI,20.62407043
1141,Real_World_Today,N/A,Medium SUV,ICE-CI,0
1142,Real_World_Today,N/A,Medium SUV,HEV-SI,0
1143,Real_World_Today,N/A,Medium SUV,PHEV,0
1144,Real_World_Today,N/A,Medium SUV,FCEV,0
1145,Real_World_Today,N/A,Medium SUV,BEV,0
1146,Real_World_Today,N/A,Pickup,ICE-SI,20.65619892
1147,Real_World_Today,N/A,Pickup,ICE-CI,0
1148,Real_World_Today,N/A,Pickup,HEV-SI,0
1149,Real_World_Today,N/A,Pickup,PHEV,0
1150,Real_World_Today,N/A,Pickup,FCEV,0
1151,Real_World_Today,N/A,Pickup,BEV,0
1152,Real_World_Today,N/A,Luxury compact,ICE-SI,23.74935091
1153,Real_World_Today,N/A,Luxury compact,ICE-CI,0
1154,Real_World_Today,N/A,Luxury compact,HEV-SI,41.29576462
1155,Real_World_Today,N/A,Luxury compact,PHEV,50.96449577
1156,Real_World_Today,N/A,Luxury compact,FCEV,67
1157,Real_World_Today,N/A,Luxury compact,BEV,116.7637961
1158,Real_World_Today,N/A,Luxury midsize car,ICE-SI,23.74935091
1159,Real_World_Today,N/A,Luxury midsize car,ICE-CI,0
1160,Real_World_Today,N/A,Luxury midsize car,HEV-SI,41.29576462
1161,Real_World_Today,N/A,Luxury midsize car,PHEV,50.96449577
1162,Real_World_Today,N/A,Luxury midsize car,FCEV,67.56636512
1163,Real_World_Today,N/A,Luxury midsize car,BEV,116.7637961
1164,Real_World_Today,N/A,Luxury small SUV,ICE-SI,22.80755313
1165,Real_World_Today,N/A,Luxury small SUV,ICE-CI,0
1166,Real_World_Today,N/A,Luxury small SUV,HEV-SI,31.25906563
1167,Real_World_Today,N/A,Luxury small SUV,PHEV,34.33159906
1168,Real_World_Today,N/A,Luxury small SUV,FCEV,0
1169,Real_World_Today,N/A,Luxury small SUV,BEV,105.3267626
1170,Real_World_Today,N/A,Luxury medium SUV,ICE-SI,17.98183586
1171,Real_World_Today,N/A,Luxury medium SUV,ICE-CI,0
1172,Real_World_Today,N/A,Luxury medium SUV,HEV-SI,0
1173,Real_World_Today,N/A,Luxury medium SUV,PHEV,0
1174,Real_World_Today,N/A,Luxury medium SUV,FCEV,0
1175,Real_World_Today,N/A,Luxury medium SUV,BEV,0
1176,Real_World_Today,N/A,Luxury pickup,ICE-SI,0
1177,Real_World_Today,N/A,Luxury pickup,ICE-CI,0
1178,Real_World_Today,N/A,Luxury pickup,HEV-SI,0
1179,Real_World_Today,N/A,Luxury pickup,PHEV,0
1180,Real_World_Today,N/A,Luxury pickup,FCEV,0
1181,Real_World_Today,N/A,Luxury pickup,BEV,0
1182,Real_World_Today,N/A,Tractor Sleeper,ICE-SI,0
1183,Real_World_Today,N/A,Tractor Sleeper,ICE-CI,0
1184,Real_World_Today,N/A,Tractor Sleeper,HEV-SI,0
1185,Real_World_Today,N/A,Tractor Sleeper,PHEV,0
1186,Real_World_Today,N/A,Tractor Sleeper,FCEV,0
1187,Real_World_Today,N/A,Tractor Sleeper,BEV,0
1188,Real_World_Today,N/A,Tractor Day cab,ICE-SI,0
1189,Real_World_Today,N/A,Tractor Day cab,ICE-CI,0
1190,Real_World_Today,N/A,Tractor Day cab,HEV-SI,0
1191,Real_World_Today,N/A,Tractor Day cab,PHEV,0
1192,Real_World_Today,N/A,Tractor Day cab,FCEV,0
1193,Real_World_Today,N/A,Tractor Day cab,BEV,0
1194,Real_World_Today,N/A,Class 8 Vocational,ICE-SI,0
1195,Real_World_Today,N/A,Class 8 Vocational,ICE-CI,0
1196,Real_World_Today,N/A,Class 8 Vocational,HEV-SI,0
1197,Real_World_Today,N/A,Class 8 Vocational,PHEV,0
1198,Real_World_Today,N/A,Class 8 Vocational,FCEV,0
1199,Real_World_Today,N/A,Class 8 Vocational,BEV,0
1200,Real_World_Today,N/A,Class 6 Pickup Delivery,ICE-SI,0
1201,Real_World_Today,N/A,Class 6 Pickup Delivery,ICE-CI,0
1202,Real_World_Today,N/A,Class 6 Pickup Delivery,HEV-SI,0
1203,Real_World_Today,N/A,Class 6 Pickup Delivery,PHEV,0
1204,Real_World_Today,N/A,Class 6 Pickup Delivery,FCEV,0
1205,Real_World_Today,N/A,Class 6 Pickup Delivery,BEV,0
1206,Real_World_Today,N/A,Class 3 Pickup Delivery,ICE-SI,0
1207,Real_World_Today,N/A,Class 3 Pickup Delivery,ICE-CI,0
1208,Real_World_Today,N/A,Class 3 Pickup Delivery,HEV-SI,0
1209,Real_World_Today,N/A,Class 3 Pickup Delivery,PHEV,0
1210,Real_World_Today,N/A,Class 3 Pickup Delivery,FCEV,0
1211,Real_World_Today,N/A,Class 3 Pickup Delivery,BEV,0
1212,Real_World_Today,N/A,Class 8 Bus,ICE-SI,0
1213,Real_World_Today,N/A,Class 8 Bus,ICE-CI,0
1214,Real_World_Today,N/A,Class 8 Bus,HEV-SI,0
1215,Real_World_Today,N/A,Class 8 Bus,PHEV,0
1216,Real_World_Today,N/A,Class 8 Bus,FCEV,0
1217,Real_World_Today,N/A,Class 8 Bus,BEV,0
1218,Real_World_Today,N/A,Class 8 Refuse,ICE-SI,0
1219,Real_World_Today,N/A,Class 8 Refuse,ICE-CI,0
1220,Real_World_Today,N/A,Class 8 Refuse,HEV-SI,0
1221,Real_World_Today,N/A,Class 8 Refuse,PHEV,0
1222,Real_World_Today,N/A,Class 8 Refuse,FCEV,0
1223,Real_World_Today,N/A,Class 8 Refuse,BEV,0
