﻿id,Model Year,Technology,Size,Powertrain,Body Cost
0,2020,low,Compact sedan,ICE-SI,12730.2939
1,2020,low,Compact sedan,ICE-CI,15296.7859
2,2020,low,Compact sedan,HEV-SI,16110.7511
3,2020,low,Compact sedan,PHEV,19362.9857
4,2020,low,Compact sedan,FCEV,17718.7955
5,2020,low,Compact sedan,BEV,23099.0586
6,2020,low,Midsize sedan,ICE-SI,16045.6094
7,2020,low,Midsize sedan,ICE-CI,18464.6195
8,2020,low,Midsize sedan,HEV-SI,19593.8051
9,2020,low,Midsize sedan,PHEV,23075.0326
10,2020,low,Midsize sedan,FCEV,22174.0262
11,2020,low,Midsize sedan,BEV,27251.885
12,2020,low,Small SUV,ICE-SI,18161.9821
13,2020,low,Small SUV,ICE-CI,20524.8899
14,2020,low,Small SUV,HEV-SI,22009.5754
15,2020,low,Small SUV,PHEV,25976.4763
16,2020,low,Small SUV,FCEV,24901.5491
17,2020,low,Small SUV,BEV,31536.7176
18,2020,low,Medium SUV,ICE-SI,19249.179
19,2020,low,Medium SUV,ICE-CI,21620.3237
20,2020,low,Medium SUV,HEV-SI,23131.4814
21,2020,low,Medium SUV,PHEV,27575.1307
22,2020,low,Medium SUV,FCEV,26229.2443
23,2020,low,Medium SUV,BEV,34111.984
24,2020,low,Pickup,ICE-SI,21604.3176
25,2020,low,Pickup,ICE-CI,25054.1637
26,2020,low,Pickup,HEV-SI,27814.0924
27,2020,low,Pickup,PHEV,31753.5778
28,2020,low,Pickup,FCEV,32304.4461
29,2020,low,Pickup,BEV,39279.8815
30,2020,low,Luxury compact,ICE-SI,13377.3483
31,2020,low,Luxury compact,ICE-CI,15816.2287
32,2020,low,Luxury compact,HEV-SI,17031.5179
33,2020,low,Luxury compact,PHEV,20385.6246
34,2020,low,Luxury compact,FCEV,19548.0391
35,2020,low,Luxury compact,BEV,24239.0533
36,2020,low,Luxury midsize car,ICE-SI,17446.3736
37,2020,low,Luxury midsize car,ICE-CI,20926.45
38,2020,low,Luxury midsize car,HEV-SI,21923.4523
39,2020,low,Luxury midsize car,PHEV,25556.8636
40,2020,low,Luxury midsize car,FCEV,26712.9017
41,2020,low,Luxury midsize car,BEV,28871.7698
42,2020,low,Luxury small SUV,ICE-SI,19046.3069
43,2020,low,Luxury small SUV,ICE-CI,22322.5861
44,2020,low,Luxury small SUV,HEV-SI,23746.1779
45,2020,low,Luxury small SUV,PHEV,27821.5219
46,2020,low,Luxury small SUV,FCEV,27870.647
47,2020,low,Luxury small SUV,BEV,32888.1484
48,2020,low,Luxury medium SUV,ICE-SI,20541.2716
49,2020,low,Luxury medium SUV,ICE-CI,23983.48
50,2020,low,Luxury medium SUV,HEV-SI,25691.2306
51,2020,low,Luxury medium SUV,PHEV,30256.4877
52,2020,low,Luxury medium SUV,FCEV,30992.6034
53,2020,low,Luxury medium SUV,BEV,36577.4789
54,2020,low,Luxury pickup,ICE-SI,21916.4364
55,2020,low,Luxury pickup,ICE-CI,25521.1074
56,2020,low,Luxury pickup,HEV-SI,29300.881
57,2020,low,Luxury pickup,PHEV,32888.5548
58,2020,low,Luxury pickup,FCEV,34333.5605
59,2020,low,Luxury pickup,BEV,41356.8421
60,2020,low,Tractor Sleeper,ICE-SI,0
61,2020,low,Tractor Sleeper,ICE-CI,143547.9488
62,2020,low,Tractor Sleeper,HEV-SI,155852.2021
63,2020,low,Tractor Sleeper,PHEV,568369.5824
64,2020,low,Tractor Sleeper,FCEV,359510.9935
65,2020,low,Tractor Sleeper,BEV,949388.7976
66,2020,low,Tractor Day cab,ICE-SI,0
67,2020,low,Tractor Day cab,ICE-CI,122338.0159
68,2020,low,Tractor Day cab,HEV-SI,133243.0397
69,2020,low,Tractor Day cab,PHEV,351950.083
70,2020,low,Tractor Day cab,FCEV,312713.2111
71,2020,low,Tractor Day cab,BEV,536184.8906
72,2020,low,Class 8 Vocational,ICE-SI,0
73,2020,low,Class 8 Vocational,ICE-CI,96771.80657
74,2020,low,Class 8 Vocational,HEV-SI,110519.9372
75,2020,low,Class 8 Vocational,PHEV,262745.1602
76,2020,low,Class 8 Vocational,FCEV,204889.9919
77,2020,low,Class 8 Vocational,BEV,391535.9418
78,2020,low,Class 6 Pickup Delivery,ICE-SI,0
79,2020,low,Class 6 Pickup Delivery,ICE-CI,73439.31438
80,2020,low,Class 6 Pickup Delivery,HEV-SI,87181.90786
81,2020,low,Class 6 Pickup Delivery,PHEV,169263.305
82,2020,low,Class 6 Pickup Delivery,FCEV,158481.4572
83,2020,low,Class 6 Pickup Delivery,BEV,231839.5464
84,2020,low,Class 3 Pickup Delivery,ICE-SI,0
85,2020,low,Class 3 Pickup Delivery,ICE-CI,59050.92155
86,2020,low,Class 3 Pickup Delivery,HEV-SI,69630.36594
87,2020,low,Class 3 Pickup Delivery,PHEV,115457.5181
88,2020,low,Class 3 Pickup Delivery,FCEV,124716.8493
89,2020,low,Class 3 Pickup Delivery,BEV,158908.6834
90,2020,low,Class 8 Bus,ICE-SI,0
91,2020,low,Class 8 Bus,ICE-CI,120303.4263
92,2020,low,Class 8 Bus,HEV-SI,134798.1322
93,2020,low,Class 8 Bus,PHEV,233662.8502
94,2020,low,Class 8 Bus,FCEV,209542.0031
95,2020,low,Class 8 Bus,BEV,324793.7062
96,2020,low,Class 8 Refuse,ICE-SI,0
97,2020,low,Class 8 Refuse,ICE-CI,102948.6874
98,2020,low,Class 8 Refuse,HEV-SI,112333.2787
99,2020,low,Class 8 Refuse,PHEV,0
100,2020,low,Class 8 Refuse,FCEV,0
101,2020,low,Class 8 Refuse,BEV,329348.9996
102,2025,low,Compact sedan,ICE-SI,14330.4461
103,2025,low,Compact sedan,ICE-CI,16757.662
104,2025,low,Compact sedan,HEV-SI,16020.343
105,2025,low,Compact sedan,PHEV,18506.6317
106,2025,low,Compact sedan,FCEV,17497.51
107,2025,low,Compact sedan,BEV,20483.307
108,2025,low,Midsize sedan,ICE-SI,18521.8133
109,2025,low,Midsize sedan,ICE-CI,20780.199
110,2025,low,Midsize sedan,HEV-SI,20250.7829
111,2025,low,Midsize sedan,PHEV,22820.1541
112,2025,low,Midsize sedan,FCEV,22418.5487
113,2025,low,Midsize sedan,BEV,25005.0763
114,2025,low,Small SUV,ICE-SI,20383.8731
115,2025,low,Small SUV,ICE-CI,22625.3559
116,2025,low,Small SUV,HEV-SI,22326.3337
117,2025,low,Small SUV,PHEV,25386.2445
118,2025,low,Small SUV,FCEV,24961.3139
119,2025,low,Small SUV,BEV,28597.6924
120,2025,low,Medium SUV,ICE-SI,22432.3465
121,2025,low,Medium SUV,ICE-CI,24651.0429
122,2025,low,Medium SUV,HEV-SI,24356.2681
123,2025,low,Medium SUV,PHEV,27712.1189
124,2025,low,Medium SUV,FCEV,26997.6512
125,2025,low,Medium SUV,BEV,31582.0653
126,2025,low,Pickup,ICE-SI,25008.4236
127,2025,low,Pickup,ICE-CI,28224.3474
128,2025,low,Pickup,HEV-SI,28615.4502
129,2025,low,Pickup,PHEV,31516.5641
130,2025,low,Pickup,FCEV,32525.4169
131,2025,low,Pickup,BEV,35993.2882
132,2025,low,Luxury compact,ICE-SI,14938.8812
133,2025,low,Luxury compact,ICE-CI,17225.3561
134,2025,low,Luxury compact,HEV-SI,16716.2694
135,2025,low,Luxury compact,PHEV,19293.223
136,2025,low,Luxury compact,FCEV,19108.9313
137,2025,low,Luxury compact,BEV,21356.0063
138,2025,low,Luxury midsize car,ICE-SI,19785.1525
139,2025,low,Luxury midsize car,ICE-CI,23064.2536
140,2025,low,Luxury midsize car,HEV-SI,22173.8881
141,2025,low,Luxury midsize car,PHEV,24753.9642
142,2025,low,Luxury midsize car,FCEV,26247.3444
143,2025,low,Luxury midsize car,BEV,26210.2758
144,2025,low,Luxury small SUV,ICE-SI,20974.3557
145,2025,low,Luxury small SUV,ICE-CI,24313.9796
146,2025,low,Luxury small SUV,HEV-SI,23780.9682
147,2025,low,Luxury small SUV,PHEV,26796.6566
148,2025,low,Luxury small SUV,FCEV,27427.9736
149,2025,low,Luxury small SUV,BEV,29609.2024
150,2025,low,Luxury medium SUV,ICE-SI,23582.907
151,2025,low,Luxury medium SUV,ICE-CI,26748.4091
152,2025,low,Luxury medium SUV,HEV-SI,26437.2415
153,2025,low,Luxury medium SUV,PHEV,29710.5269
154,2025,low,Luxury medium SUV,FCEV,30824.9834
155,2025,low,Luxury medium SUV,BEV,33329.4661
156,2025,low,Luxury pickup,ICE-SI,25273.7122
157,2025,low,Luxury pickup,ICE-CI,28607.0676
158,2025,low,Luxury pickup,HEV-SI,29765.2128
159,2025,low,Luxury pickup,PHEV,32358.1441
160,2025,low,Luxury pickup,FCEV,34097.5179
161,2025,low,Luxury pickup,BEV,37450.4909
162,2025,low,Tractor Sleeper,ICE-SI,0
163,2025,low,Tractor Sleeper,ICE-CI,146084.3018
164,2025,low,Tractor Sleeper,HEV-SI,155572.5272
165,2025,low,Tractor Sleeper,PHEV,435321.6211
166,2025,low,Tractor Sleeper,FCEV,288938.6121
167,2025,low,Tractor Sleeper,BEV,693353.9531
168,2025,low,Tractor Day cab,ICE-SI,0
169,2025,low,Tractor Day cab,ICE-CI,123704.3294
170,2025,low,Tractor Day cab,HEV-SI,132297.194
171,2025,low,Tractor Day cab,PHEV,276542.4489
172,2025,low,Tractor Day cab,FCEV,248147.2709
173,2025,low,Tractor Day cab,BEV,398444.4079
174,2025,low,Class 8 Vocational,ICE-SI,0
175,2025,low,Class 8 Vocational,ICE-CI,98112.9241
176,2025,low,Class 8 Vocational,HEV-SI,108339.611
177,2025,low,Class 8 Vocational,PHEV,209357.245
178,2025,low,Class 8 Vocational,FCEV,167628.0693
179,2025,low,Class 8 Vocational,BEV,294292.9179
180,2025,low,Class 6 Pickup Delivery,ICE-SI,0
181,2025,low,Class 6 Pickup Delivery,ICE-CI,73831.41741
182,2025,low,Class 6 Pickup Delivery,HEV-SI,84003.26736
183,2025,low,Class 6 Pickup Delivery,PHEV,137698.8067
184,2025,low,Class 6 Pickup Delivery,FCEV,127973.443
185,2025,low,Class 6 Pickup Delivery,BEV,177682.6818
186,2025,low,Class 3 Pickup Delivery,ICE-SI,0
187,2025,low,Class 3 Pickup Delivery,ICE-CI,59598.61438
188,2025,low,Class 3 Pickup Delivery,HEV-SI,66966.90501
189,2025,low,Class 3 Pickup Delivery,PHEV,94652.8941
190,2025,low,Class 3 Pickup Delivery,FCEV,98613.91684
191,2025,low,Class 3 Pickup Delivery,BEV,120865.2945
192,2025,low,Class 8 Bus,ICE-SI,0
193,2025,low,Class 8 Bus,ICE-CI,0
194,2025,low,Class 8 Bus,HEV-SI,0
195,2025,low,Class 8 Bus,PHEV,0
196,2025,low,Class 8 Bus,FCEV,0
197,2025,low,Class 8 Bus,BEV,0
198,2025,low,Class 8 Refuse,ICE-SI,0
199,2025,low,Class 8 Refuse,ICE-CI,0
200,2025,low,Class 8 Refuse,HEV-SI,0
201,2025,low,Class 8 Refuse,PHEV,0
202,2025,low,Class 8 Refuse,FCEV,0
203,2025,low,Class 8 Refuse,BEV,0
204,2030,low,Compact sedan,ICE-SI,15198.0093
205,2030,low,Compact sedan,ICE-CI,16568.8063
206,2030,low,Compact sedan,HEV-SI,15642.0263
207,2030,low,Compact sedan,PHEV,16477.6263
208,2030,low,Compact sedan,FCEV,17110.9756
209,2030,low,Compact sedan,BEV,18189.1737
210,2030,low,Midsize sedan,ICE-SI,19340.5594
211,2030,low,Midsize sedan,ICE-CI,20740.9782
212,2030,low,Midsize sedan,HEV-SI,19954.7944
213,2030,low,Midsize sedan,PHEV,20780.496
214,2030,low,Midsize sedan,FCEV,22051.7342
215,2030,low,Midsize sedan,BEV,22657.871
216,2030,low,Small SUV,ICE-SI,21354.8231
217,2030,low,Small SUV,ICE-CI,22730.8248
218,2030,low,Small SUV,HEV-SI,22111.6917
219,2030,low,Small SUV,PHEV,23114.9021
220,2030,low,Small SUV,FCEV,24586.062
221,2030,low,Small SUV,BEV,25945.1907
222,2030,low,Medium SUV,ICE-SI,23158.4292
223,2030,low,Medium SUV,ICE-CI,24518.7393
224,2030,low,Medium SUV,HEV-SI,23918.5672
225,2030,low,Medium SUV,PHEV,25117.3957
226,2030,low,Medium SUV,FCEV,26522.6702
227,2030,low,Medium SUV,BEV,28540.9588
228,2030,low,Pickup,ICE-SI,26096.1547
229,2030,low,Pickup,ICE-CI,28326.1019
230,2030,low,Pickup,HEV-SI,28038.4684
231,2030,low,Pickup,PHEV,28567.5281
232,2030,low,Pickup,FCEV,31861.5375
233,2030,low,Pickup,BEV,32505.2708
234,2030,low,Luxury compact,ICE-SI,15555.5445
235,2030,low,Luxury compact,ICE-CI,17012.3558
236,2030,low,Luxury compact,HEV-SI,16210.0782
237,2030,low,Luxury compact,PHEV,17048.3433
238,2030,low,Luxury compact,FCEV,18552.6028
239,2030,low,Luxury compact,BEV,18850.6847
240,2030,low,Luxury midsize car,ICE-SI,20532.5894
241,2030,low,Luxury midsize car,ICE-CI,22898.0226
242,2030,low,Luxury midsize car,HEV-SI,21511.0382
243,2030,low,Luxury midsize car,PHEV,22235.1927
244,2030,low,Luxury midsize car,FCEV,25434.0144
245,2030,low,Luxury midsize car,BEV,23548.0121
246,2030,low,Luxury small SUV,ICE-SI,21891.2454
247,2030,low,Luxury small SUV,ICE-CI,24320.3339
248,2030,low,Luxury small SUV,HEV-SI,23291.3388
249,2030,low,Luxury small SUV,PHEV,24223.9364
250,2030,low,Luxury small SUV,FCEV,26826.4271
251,2030,low,Luxury small SUV,BEV,26694.0607
252,2030,low,Luxury medium SUV,ICE-SI,24266.2973
253,2030,low,Luxury medium SUV,ICE-CI,26495.7953
254,2030,low,Luxury medium SUV,HEV-SI,25699.7845
255,2030,low,Luxury medium SUV,PHEV,26626.6543
256,2030,low,Luxury medium SUV,FCEV,29936.7382
257,2030,low,Luxury medium SUV,BEV,29846.4825
258,2030,low,Luxury pickup,ICE-SI,26403.9902
259,2030,low,Luxury pickup,ICE-CI,28675.6538
260,2030,low,Luxury pickup,HEV-SI,28894.3181
261,2030,low,Luxury pickup,PHEV,29120.8763
262,2030,low,Luxury pickup,FCEV,33256.5119
263,2030,low,Luxury pickup,BEV,33602.5047
264,2030,low,Tractor Sleeper,ICE-SI,0
265,2030,low,Tractor Sleeper,ICE-CI,149447.376
266,2030,low,Tractor Sleeper,HEV-SI,156789.3547
267,2030,low,Tractor Sleeper,PHEV,349780.9634
268,2030,low,Tractor Sleeper,FCEV,245227.6834
269,2030,low,Tractor Sleeper,BEV,534724.1496
270,2030,low,Tractor Day cab,ICE-SI,0
271,2030,low,Tractor Day cab,ICE-CI,126650.5221
272,2030,low,Tractor Day cab,HEV-SI,133234.0779
273,2030,low,Tractor Day cab,PHEV,230309.6175
274,2030,low,Tractor Day cab,FCEV,208244.9016
275,2030,low,Tractor Day cab,BEV,310221.9805
276,2030,low,Class 8 Vocational,ICE-SI,0
277,2030,low,Class 8 Vocational,ICE-CI,100224.595
278,2030,low,Class 8 Vocational,HEV-SI,107203.0986
279,2030,low,Class 8 Vocational,PHEV,176614.8468
280,2030,low,Class 8 Vocational,FCEV,143886.0593
281,2030,low,Class 8 Vocational,BEV,233313.1325
282,2030,low,Class 6 - Pickup/Delivery,ICE-SI,0
283,2030,low,Class 6 Pickup Delivery,ICE-CI,75106.53813
284,2030,low,Class 6 Pickup Delivery,HEV-SI,82002.35046
285,2030,low,Class 6 Pickup Delivery,PHEV,118834.131
286,2030,low,Class 6 Pickup Delivery,FCEV,108084.6467
287,2030,low,Class 6 Pickup Delivery,BEV,142838.8179
288,2030,low,Class 3 Pickup Delivery,ICE-SI,0
289,2030,low,Class 3 Pickup Delivery,ICE-CI,61262.93499
290,2030,low,Class 3 Pickup Delivery,HEV-SI,65947.69463
291,2030,low,Class 3 Pickup Delivery,PHEV,83345.80163
292,2030,low,Class 3 Pickup Delivery,FCEV,82933.50781
293,2030,low,Class 3 Pickup Delivery,BEV,97678.51899
294,2030,low,Class 8 Bus,ICE-SI,0
295,2030,low,Class 8 Bus,ICE-CI,0
296,2030,low,Class 8 Bus,HEV-SI,0
297,2030,low,Class 8 Bus,PHEV,0
298,2030,low,Class 8 Bus,FCEV,0
299,2030,low,Class 8 Bus,BEV,0
300,2030,low,Class 8 Refuse,ICE-SI,0
301,2030,low,Class 8 Refuse,ICE-CI,104973.561
302,2030,low,Class 8 Refuse,HEV-SI,0
303,2030,low,Class 8 Refuse,PHEV,0
304,2030,low,Class 8 Refuse,FCEV,0
305,2030,low,Class 8 Refuse,BEV,0
306,2035,low,Compact sedan,ICE-SI,15046.0361
307,2035,low,Compact sedan,ICE-CI,16182.7727
308,2035,low,Compact sedan,HEV-SI,15117.9715
309,2035,low,Compact sedan,PHEV,15704.2416
310,2035,low,Compact sedan,FCEV,16387.0888
311,2035,low,Compact sedan,BEV,17535.7165
312,2035,low,Midsize sedan,ICE-SI,19173.1214
313,2035,low,Midsize sedan,ICE-CI,20338.8113
314,2035,low,Midsize sedan,HEV-SI,19365.5027
315,2035,low,Midsize sedan,PHEV,19931.7743
316,2035,low,Midsize sedan,FCEV,21221.1022
317,2035,low,Midsize sedan,BEV,22024.3976
318,2035,low,Small SUV,ICE-SI,21978.2198
319,2035,low,Small SUV,ICE-CI,23123.1008
320,2035,low,Small SUV,HEV-SI,22281.5721
321,2035,low,Small SUV,PHEV,22936.6175
322,2035,low,Small SUV,FCEV,24317.7189
323,2035,low,Small SUV,BEV,25707.9511
324,2035,low,Medium SUV,ICE-SI,23838.0306
325,2035,low,Medium SUV,ICE-CI,24981.3101
326,2035,low,Medium SUV,HEV-SI,24140.9135
327,2035,low,Medium SUV,PHEV,24957.4462
328,2035,low,Medium SUV,FCEV,26234.4969
329,2035,low,Medium SUV,BEV,28199.8374
330,2035,low,Pickup,ICE-SI,26557.0341
331,2035,low,Pickup,ICE-CI,28439.8893
332,2035,low,Pickup,HEV-SI,27666.2627
333,2035,low,Pickup,PHEV,27953.3597
334,2035,low,Pickup,FCEV,31007.7602
335,2035,low,Pickup,BEV,31450.5226
336,2035,low,Luxury compact,ICE-SI,15383.1126
337,2035,low,Luxury compact,ICE-CI,16602.2063
338,2035,low,Luxury compact,HEV-SI,15685.7883
339,2035,low,Luxury compact,PHEV,16177.151
340,2035,low,Luxury compact,FCEV,17692.1424
341,2035,low,Luxury compact,BEV,18186.104
342,2035,low,Luxury midsize car,ICE-SI,20392.0414
343,2035,low,Luxury midsize car,ICE-CI,22381.0855
344,2035,low,Luxury midsize car,HEV-SI,20814.8909
345,2035,low,Luxury midsize car,PHEV,21272.0613
346,2035,low,Luxury midsize car,FCEV,24264.8103
347,2035,low,Luxury midsize car,BEV,22820.8495
348,2035,low,Luxury small SUV,ICE-SI,22468.6444
349,2035,low,Luxury small SUV,ICE-CI,24601.2146
350,2035,low,Luxury small SUV,HEV-SI,23302.7608
351,2035,low,Luxury small SUV,PHEV,23855.783
352,2035,low,Luxury small SUV,FCEV,26234.7473
353,2035,low,Luxury small SUV,BEV,26388.0935
354,2035,low,Luxury medium SUV,ICE-SI,24939.6139
355,2035,low,Luxury medium SUV,ICE-CI,26798.1988
356,2035,low,Luxury medium SUV,HEV-SI,25625.2419
357,2035,low,Luxury medium SUV,PHEV,26222.411
358,2035,low,Luxury medium SUV,FCEV,29175.9668
359,2035,low,Luxury medium SUV,BEV,29416.5847
360,2035,low,Luxury pickup,ICE-SI,26859.1274
361,2035,low,Luxury pickup,ICE-CI,28757.8054
362,2035,low,Luxury pickup,HEV-SI,28454.9544
363,2035,low,Luxury pickup,PHEV,28359.7463
364,2035,low,Luxury pickup,FCEV,32237.1185
365,2035,low,Luxury pickup,BEV,32653.9301
366,2035,low,Tractor Sleeper,ICE-SI,0
367,2035,low,Tractor Sleeper,ICE-CI,151387.7723
368,2035,low,Tractor Sleeper,HEV-SI,157915.054
369,2035,low,Tractor Sleeper,PHEV,284650.6162
370,2035,low,Tractor Sleeper,FCEV,215523.0404
371,2035,low,Tractor Sleeper,BEV,403711.8471
372,2035,low,Tractor Day cab,ICE-SI,0
373,2035,low,Tractor Day cab,ICE-CI,129164.6932
374,2035,low,Tractor Day cab,HEV-SI,135011.7403
375,2035,low,Tractor Day cab,PHEV,195561.2846
376,2035,low,Tractor Day cab,FCEV,181606.6138
377,2035,low,Tractor Day cab,BEV,244428.0566
378,2035,low,Class 8 Vocational,ICE-SI,0
379,2035,low,Class 8 Vocational,ICE-CI,102420.1778
380,2035,low,Class 8 Vocational,HEV-SI,107017.494
381,2035,low,Class 8 Vocational,PHEV,152204.8226
382,2035,low,Class 8 Vocational,FCEV,129492.7722
383,2035,low,Class 8 Vocational,BEV,187001.9395
384,2035,low,Class 6 Pickup Delivery,ICE-SI,0
385,2035,low,Class 6 Pickup Delivery,ICE-CI,76227.81578
386,2035,low,Class 6 Pickup Delivery,HEV-SI,80943.54054
387,2035,low,Class 6 Pickup Delivery,PHEV,105741.8476
388,2035,low,Class 6 Pickup Delivery,FCEV,95226.90547
389,2035,low,Class 6 Pickup Delivery,BEV,117085.7529
390,2035,low,Class 3 Pickup Delivery,ICE-SI,0
391,2035,low,Class 3 Pickup Delivery,ICE-CI,62436.83765
392,2035,low,Class 3 Pickup Delivery,HEV-SI,64533.73493
393,2035,low,Class 3 Pickup Delivery,PHEV,74150.41075
394,2035,low,Class 3 Pickup Delivery,FCEV,72433.06702
395,2035,low,Class 3 Pickup Delivery,BEV,80431.9357
396,2035,low,Class 8 Bus,ICE-SI,0
397,2035,low,Class 8 Bus,ICE-CI,0
398,2035,low,Class 8 Bus,HEV-SI,0
399,2035,low,Class 8 Bus,PHEV,0
400,2035,low,Class 8 Bus,FCEV,0
401,2035,low,Class 8 Bus,BEV,0
402,2035,low,Class 8 Refuse,ICE-SI,0
403,2035,low,Class 8 Refuse,ICE-CI,0
404,2035,low,Class 8 Refuse,HEV-SI,0
405,2035,low,Class 8 Refuse,PHEV,0
406,2035,low,Class 8 Refuse,FCEV,0
407,2035,low,Class 8 Refuse,BEV,0
408,2050,low,Compact sedan,ICE-SI,14136.713
409,2050,low,Compact sedan,ICE-CI,15385.0857
410,2050,low,Compact sedan,HEV-SI,14172.64
411,2050,low,Compact sedan,PHEV,14571.7321
412,2050,low,Compact sedan,FCEV,15342.3577
413,2050,low,Compact sedan,BEV,15612.4828
414,2050,low,Midsize sedan,ICE-SI,18093.6167
415,2050,low,Midsize sedan,ICE-CI,19366.0397
416,2050,low,Midsize sedan,HEV-SI,18234.1344
417,2050,low,Midsize sedan,PHEV,18636.5826
418,2050,low,Midsize sedan,FCEV,19895.4739
419,2050,low,Midsize sedan,BEV,19659.6736
420,2050,low,Small SUV,ICE-SI,21506.271
421,2050,low,Small SUV,ICE-CI,22763.8877
422,2050,low,Small SUV,HEV-SI,21738.4794
423,2050,low,Small SUV,PHEV,22113.8454
424,2050,low,Small SUV,FCEV,23437.5606
425,2050,low,Small SUV,BEV,23784.015
426,2050,low,Medium SUV,ICE-SI,23336.3294
427,2050,low,Medium SUV,ICE-CI,24607.3257
428,2050,low,Medium SUV,HEV-SI,23552.4573
429,2050,low,Medium SUV,PHEV,24068.9379
430,2050,low,Medium SUV,FCEV,25294.1935
431,2050,low,Medium SUV,BEV,26092.0727
432,2050,low,Pickup,ICE-SI,25907.7585
433,2050,low,Pickup,ICE-CI,27911.5093
434,2050,low,Pickup,HEV-SI,26804.1858
435,2050,low,Pickup,PHEV,26840.1814
436,2050,low,Pickup,FCEV,29492.9102
437,2050,low,Pickup,BEV,28951.4134
438,2050,low,Luxury compact,ICE-SI,14426.6633
439,2050,low,Luxury compact,ICE-CI,15744.4443
440,2050,low,Luxury compact,HEV-SI,14663.0717
441,2050,low,Luxury compact,PHEV,14960.7292
442,2050,low,Luxury compact,FCEV,16447.4514
443,2050,low,Luxury compact,BEV,16117.5624
444,2050,low,Luxury midsize car,ICE-SI,19135.3832
445,2050,low,Luxury midsize car,ICE-CI,21255.0033
446,2050,low,Luxury midsize car,HEV-SI,19477.7788
447,2050,low,Luxury midsize car,PHEV,19846.7155
448,2050,low,Luxury midsize car,FCEV,22451.8868
449,2050,low,Luxury midsize car,BEV,20276.9748
450,2050,low,Luxury small SUV,ICE-SI,21911.2742
451,2050,low,Luxury small SUV,ICE-CI,24145.8079
452,2050,low,Luxury small SUV,HEV-SI,22603.3421
453,2050,low,Luxury small SUV,PHEV,22934.7878
454,2050,low,Luxury small SUV,FCEV,24983.2986
455,2050,low,Luxury small SUV,BEV,24309.4935
456,2050,low,Luxury medium SUV,ICE-SI,24252.9186
457,2050,low,Luxury medium SUV,ICE-CI,26249.066
458,2050,low,Luxury medium SUV,HEV-SI,24820.0196
459,2050,low,Luxury medium SUV,PHEV,25192.4845
460,2050,low,Luxury medium SUV,FCEV,27706.9157
461,2050,low,Luxury medium SUV,BEV,27015.4578
462,2050,low,Luxury pickup,ICE-SI,26161.3118
463,2050,low,Luxury pickup,ICE-CI,28183.3358
464,2050,low,Luxury pickup,HEV-SI,27382.2338
465,2050,low,Luxury pickup,PHEV,27249.734
466,2050,low,Luxury pickup,FCEV,30473.2726
467,2050,low,Luxury pickup,BEV,29853.5461
468,2050,low,Tractor Sleeper,ICE-SI,0
469,2050,low,Tractor Sleeper,ICE-CI,155006.4727
470,2050,low,Tractor Sleeper,HEV-SI,160898.6351
471,2050,low,Tractor Sleeper,PHEV,253961.7977
472,2050,low,Tractor Sleeper,FCEV,207524.7203
473,2050,low,Tractor Sleeper,BEV,344380.5513
474,2050,low,Tractor Day cab,ICE-SI,0
475,2050,low,Tractor Day cab,ICE-CI,134002.5987
476,2050,low,Tractor Day cab,HEV-SI,139342.3235
477,2050,low,Tractor Day cab,PHEV,178831.889
478,2050,low,Tractor Day cab,FCEV,176180.276
479,2050,low,Tractor Day cab,BEV,213418.0652
480,2050,low,Class 8 Vocational,ICE-SI,0
481,2050,low,Class 8 Vocational,ICE-CI,106401.4152
482,2050,low,Class 8 Vocational,HEV-SI,110113.5907
483,2050,low,Class 8 Vocational,PHEV,141602.9861
484,2050,low,Class 8 Vocational,FCEV,126504.0519
485,2050,low,Class 8 Vocational,BEV,165311.6196
486,2050,low,Class 6 Pickup Delivery,ICE-SI,0
487,2050,low,Class 6 Pickup Delivery,ICE-CI,78383.56125
488,2050,low,Class 6 Pickup Delivery,HEV-SI,82605.88439
489,2050,low,Class 6 Pickup Delivery,PHEV,99457.96168
490,2050,low,Class 6 Pickup Delivery,FCEV,92619.86603
491,2050,low,Class 6 Pickup Delivery,BEV,104705.0485
492,2050,low,Class 3 Pickup Delivery,ICE-SI,0
493,2050,low,Class 3 Pickup Delivery,ICE-CI,65063.44997
494,2050,low,Class 3 Pickup Delivery,HEV-SI,65742.20412
495,2050,low,Class 3 Pickup Delivery,PHEV,70859.61083
496,2050,low,Class 3 Pickup Delivery,FCEV,69964.29829
497,2050,low,Class 3 Pickup Delivery,BEV,72512.8879
498,2050,low,Class 8 Bus,ICE-SI,0
499,2050,low,Class 8 Bus,ICE-CI,0
500,2050,low,Class 8 Bus,HEV-SI,0
501,2050,low,Class 8 Bus,PHEV,0
502,2050,low,Class 8 Bus,FCEV,0
503,2050,low,Class 8 Bus,BEV,0
504,2050,low,Class 8 Refuse,ICE-SI,0
505,2050,low,Class 8 Refuse,ICE-CI,112786.0238
506,2050,low,Class 8 Refuse,HEV-SI,0
507,2050,low,Class 8 Refuse,PHEV,0
508,2050,low,Class 8 Refuse,FCEV,0
509,2050,low,Class 8 Refuse,BEV,0
510,2020,high,Compact sedan,ICE-SI,12730.2939
511,2020,high,Compact sedan,ICE-CI,15296.7859
512,2020,high,Compact sedan,HEV-SI,16110.7511
513,2020,high,Compact sedan,PHEV,19362.9857
514,2020,high,Compact sedan,FCEV,17718.7955
515,2020,high,Compact sedan,BEV,23099.0586
516,2020,high,Midsize sedan,ICE-SI,16045.6094
517,2020,high,Midsize sedan,ICE-CI,18464.6195
518,2020,high,Midsize sedan,HEV-SI,19593.8051
519,2020,high,Midsize sedan,PHEV,23075.0326
520,2020,high,Midsize sedan,FCEV,22174.0262
521,2020,high,Midsize sedan,BEV,27251.885
522,2020,high,Small SUV,ICE-SI,18161.9821
523,2020,high,Small SUV,ICE-CI,20524.8899
524,2020,high,Small SUV,HEV-SI,22009.5754
525,2020,high,Small SUV,PHEV,25976.4763
526,2020,high,Small SUV,FCEV,24901.5491
527,2020,high,Small SUV,BEV,31536.7176
528,2020,high,Medium SUV,ICE-SI,19249.179
529,2020,high,Medium SUV,ICE-CI,21620.3237
530,2020,high,Medium SUV,HEV-SI,23131.4814
531,2020,high,Medium SUV,PHEV,27575.1307
532,2020,high,Medium SUV,FCEV,26229.2443
533,2020,high,Medium SUV,BEV,34111.984
534,2020,high,Pickup,ICE-SI,21604.3176
535,2020,high,Pickup,ICE-CI,25054.1637
536,2020,high,Pickup,HEV-SI,27814.0924
537,2020,high,Pickup,PHEV,31753.5778
538,2020,high,Pickup,FCEV,32304.4461
539,2020,high,Pickup,BEV,39279.8815
540,2020,high,Luxury compact,ICE-SI,13377.3483
541,2020,high,Luxury compact,ICE-CI,15816.2287
542,2020,high,Luxury compact,HEV-SI,17031.5179
543,2020,high,Luxury compact,PHEV,20385.6246
544,2020,high,Luxury compact,FCEV,19548.0391
545,2020,high,Luxury compact,BEV,24239.0533
546,2020,high,Luxury midsize car,ICE-SI,17446.3736
547,2020,high,Luxury midsize car,ICE-CI,20926.45
548,2020,high,Luxury midsize car,HEV-SI,21923.4523
549,2020,high,Luxury midsize car,PHEV,25556.8636
550,2020,high,Luxury midsize car,FCEV,26712.9017
551,2020,high,Luxury midsize car,BEV,28871.7698
552,2020,high,Luxury small SUV,ICE-SI,19046.3069
553,2020,high,Luxury small SUV,ICE-CI,22322.5861
554,2020,high,Luxury small SUV,HEV-SI,23746.1779
555,2020,high,Luxury small SUV,PHEV,27821.5219
556,2020,high,Luxury small SUV,FCEV,27870.647
557,2020,high,Luxury small SUV,BEV,32888.1484
558,2020,high,Luxury medium SUV,ICE-SI,20541.2716
559,2020,high,Luxury medium SUV,ICE-CI,23983.48
560,2020,high,Luxury medium SUV,HEV-SI,25691.2306
561,2020,high,Luxury medium SUV,PHEV,30256.4877
562,2020,high,Luxury medium SUV,FCEV,30992.6034
563,2020,high,Luxury medium SUV,BEV,36577.4789
564,2020,high,Luxury pickup,ICE-SI,21916.4364
565,2020,high,Luxury pickup,ICE-CI,25521.1074
566,2020,high,Luxury pickup,HEV-SI,29300.881
567,2020,high,Luxury pickup,PHEV,32888.5548
568,2020,high,Luxury pickup,FCEV,34333.5605
569,2020,high,Luxury pickup,BEV,41356.8421
570,2020,high,Tractor Sleeper,ICE-SI,0
571,2020,high,Tractor Sleeper,ICE-CI,143547.9488
572,2020,high,Tractor Sleeper,HEV-SI,155852.2021
573,2020,high,Tractor Sleeper,PHEV,568369.5824
574,2020,high,Tractor Sleeper,FCEV,359510.9935
575,2020,high,Tractor Sleeper,BEV,949388.7976
576,2020,high,Tractor Day cab,ICE-SI,0
577,2020,high,Tractor Day cab,ICE-CI,122338.0159
578,2020,high,Tractor Day cab,HEV-SI,133243.0397
579,2020,high,Tractor Day cab,PHEV,351950.083
580,2020,high,Tractor Day cab,FCEV,312713.2111
581,2020,high,Tractor Day cab,BEV,536184.8906
582,2020,high,Class 8 Vocational,ICE-SI,0
583,2020,high,Class 8 Vocational,ICE-CI,96771.80657
584,2020,high,Class 8 Vocational,HEV-SI,110519.9372
585,2020,high,Class 8 Vocational,PHEV,262745.1602
586,2020,high,Class 8 Vocational,FCEV,204889.9919
587,2020,high,Class 8 Vocational,BEV,391535.9418
588,2020,high,Class 6 Pickup Delivery,ICE-SI,0
589,2020,high,Class 6 Pickup Delivery,ICE-CI,73439.31438
590,2020,high,Class 6 Pickup Delivery,HEV-SI,87181.90786
591,2020,high,Class 6 Pickup Delivery,PHEV,169263.305
592,2020,high,Class 6 Pickup Delivery,FCEV,158481.4572
593,2020,high,Class 6 Pickup Delivery,BEV,231839.5464
594,2020,high,Class 3 Pickup Delivery,ICE-SI,0
595,2020,high,Class 3 Pickup Delivery,ICE-CI,59050.92155
596,2020,high,Class 3 Pickup Delivery,HEV-SI,69630.36594
597,2020,high,Class 3 Pickup Delivery,PHEV,115457.5181
598,2020,high,Class 3 Pickup Delivery,FCEV,124716.8493
599,2020,high,Class 3 Pickup Delivery,BEV,158908.6834
600,2020,high,Class 8 Bus,ICE-SI,0
601,2020,high,Class 8 Bus,ICE-CI,120303.4263
602,2020,high,Class 8 Bus,HEV-SI,134798.1322
603,2020,high,Class 8 Bus,PHEV,233662.8502
604,2020,high,Class 8 Bus,FCEV,209542.0031
605,2020,high,Class 8 Bus,BEV,324793.7062
606,2020,high,Class 8 Refuse,ICE-SI,0
607,2020,high,Class 8 Refuse,ICE-CI,102948.6874
608,2020,high,Class 8 Refuse,HEV-SI,112333.2787
609,2020,high,Class 8 Refuse,PHEV,0
610,2020,high,Class 8 Refuse,FCEV,0
611,2020,high,Class 8 Refuse,BEV,329348.9996
612,2025,high,Compact sedan,ICE-SI,14324.1901
613,2025,high,Compact sedan,ICE-CI,15903.0757
614,2025,high,Compact sedan,HEV-SI,15157.2807
615,2025,high,Compact sedan,PHEV,16586.5473
616,2025,high,Compact sedan,FCEV,17149.292
617,2025,high,Compact sedan,BEV,19183.9342
618,2025,high,Midsize sedan,ICE-SI,18499.2745
619,2025,high,Midsize sedan,ICE-CI,19805.2001
620,2025,high,Midsize sedan,HEV-SI,19210.2879
621,2025,high,Midsize sedan,PHEV,20674.6496
622,2025,high,Midsize sedan,FCEV,21893.1008
623,2025,high,Midsize sedan,BEV,23435.8284
624,2025,high,Small SUV,ICE-SI,20116.3388
625,2025,high,Small SUV,ICE-CI,21424.0852
626,2025,high,Small SUV,HEV-SI,21057.1957
627,2025,high,Small SUV,PHEV,22733.9881
628,2025,high,Small SUV,FCEV,24164.9346
629,2025,high,Small SUV,BEV,26630.9865
630,2025,high,Medium SUV,ICE-SI,21400.8817
631,2025,high,Medium SUV,ICE-CI,22693.4934
632,2025,high,Medium SUV,HEV-SI,22341.3464
633,2025,high,Medium SUV,PHEV,24270.68
634,2025,high,Medium SUV,FCEV,25623.9717
635,2025,high,Medium SUV,BEV,28861.5421
636,2025,high,Pickup,ICE-SI,23448.382
637,2025,high,Pickup,ICE-CI,25515.7974
638,2025,high,Pickup,HEV-SI,25577.6787
639,2025,high,Pickup,PHEV,27090.9817
640,2025,high,Pickup,FCEV,30555.4656
641,2025,high,Pickup,BEV,32434.3581
642,2025,high,Luxury compact,ICE-SI,14915.6862
643,2025,high,Luxury compact,ICE-CI,16242.0718
644,2025,high,Luxury compact,HEV-SI,15722.0544
645,2025,high,Luxury compact,PHEV,17145.5077
646,2025,high,Luxury compact,FCEV,18564.9987
647,2025,high,Luxury compact,BEV,19880.273
648,2025,high,Luxury midsize car,ICE-SI,19533.2719
649,2025,high,Luxury midsize car,ICE-CI,21618.5508
650,2025,high,Luxury midsize car,HEV-SI,20643.1271
651,2025,high,Luxury midsize car,PHEV,22039.1374
652,2025,high,Luxury midsize car,FCEV,25193.8903
653,2025,high,Luxury midsize car,BEV,24337.5922
654,2025,high,Luxury small SUV,ICE-SI,20548.012
655,2025,high,Luxury small SUV,ICE-CI,22819.3892
656,2025,high,Luxury small SUV,HEV-SI,22106.5429
657,2025,high,Luxury small SUV,PHEV,23783.9328
658,2025,high,Luxury small SUV,FCEV,26414.717
659,2025,high,Luxury small SUV,BEV,27406.8056
660,2025,high,Luxury medium SUV,ICE-SI,22392.1489
661,2025,high,Luxury medium SUV,ICE-CI,24412.3888
662,2025,high,Luxury medium SUV,HEV-SI,23896.0089
663,2025,high,Luxury medium SUV,PHEV,25776.1889
664,2025,high,Luxury medium SUV,FCEV,29120.1796
665,2025,high,Luxury medium SUV,BEV,30252.3485
666,2025,high,Luxury pickup,ICE-SI,23650.5101
667,2025,high,Luxury pickup,ICE-CI,25802.2251
668,2025,high,Luxury pickup,HEV-SI,26469.1076
669,2025,high,Luxury pickup,PHEV,27680.0193
670,2025,high,Luxury pickup,FCEV,32017.0256
671,2025,high,Luxury pickup,BEV,33675.2888
672,2025,high,Tractor Sleeper,ICE-SI,0
673,2025,high,Tractor Sleeper,ICE-CI,149736.1177
674,2025,high,Tractor Sleeper,HEV-SI,159666.9053
675,2025,high,Tractor Sleeper,PHEV,288493.8241
676,2025,high,Tractor Sleeper,FCEV,233171.5366
677,2025,high,Tractor Sleeper,BEV,416398.5181
678,2025,high,Tractor Day cab,ICE-SI,0
679,2025,high,Tractor Day cab,ICE-CI,129307.2835
680,2025,high,Tractor Day cab,HEV-SI,134462.1019
681,2025,high,Tractor Day cab,PHEV,194492.6115
682,2025,high,Tractor Day cab,FCEV,198897.5559
683,2025,high,Tractor Day cab,BEV,248185.6841
684,2025,high,Class 8 Vocational,ICE-SI,0
685,2025,high,Class 8 Vocational,ICE-CI,102315.2505
686,2025,high,Class 8 Vocational,HEV-SI,108669.0508
687,2025,high,Class 8 Vocational,PHEV,155043.5022
688,2025,high,Class 8 Vocational,FCEV,139465.6497
689,2025,high,Class 8 Vocational,BEV,193811.8705
690,2025,high,Class 6 Pickup Delivery,ICE-SI,0
691,2025,high,Class 6 Pickup Delivery,ICE-CI,77373.07233
692,2025,high,Class 6 Pickup Delivery,HEV-SI,84360.42614
693,2025,high,Class 6 Pickup Delivery,PHEV,108916.3349
694,2025,high,Class 6 Pickup Delivery,FCEV,104859.8263
695,2025,high,Class 6 Pickup Delivery,BEV,121425.6428
696,2025,high,Class 3 Pickup Delivery,ICE-SI,0
697,2025,high,Class 3 Pickup Delivery,ICE-CI,63813.95572
698,2025,high,Class 3 Pickup Delivery,HEV-SI,68747.83356
699,2025,high,Class 3 Pickup Delivery,PHEV,76734.47689
700,2025,high,Class 3 Pickup Delivery,FCEV,79913.97054
701,2025,high,Class 3 Pickup Delivery,BEV,83382.47703
702,2025,high,Class 8 Bus,ICE-SI,0
703,2025,high,Class 8 Bus,ICE-CI,0
704,2025,high,Class 8 Bus,HEV-SI,0
705,2025,high,Class 8 Bus,PHEV,0
706,2025,high,Class 8 Bus,FCEV,0
707,2025,high,Class 8 Bus,BEV,0
708,2025,high,Class 8 Refuse,ICE-SI,0
709,2025,high,Class 8 Refuse,ICE-CI,0
710,2025,high,Class 8 Refuse,HEV-SI,0
711,2025,high,Class 8 Refuse,PHEV,0
712,2025,high,Class 8 Refuse,FCEV,0
713,2025,high,Class 8 Refuse,BEV,0
714,2030,high,Compact sedan,ICE-SI,15226.6984
715,2030,high,Compact sedan,ICE-CI,16271.4866
716,2030,high,Compact sedan,HEV-SI,15194.5703
717,2030,high,Compact sedan,PHEV,15755.7861
718,2030,high,Compact sedan,FCEV,15890.3192
719,2030,high,Compact sedan,BEV,17093.6973
720,2030,high,Midsize sedan,ICE-SI,19511.1914
721,2030,high,Midsize sedan,ICE-CI,20589.6466
722,2030,high,Midsize sedan,HEV-SI,19580.9911
723,2030,high,Midsize sedan,PHEV,20101.1832
724,2030,high,Midsize sedan,FCEV,20613.3181
725,2030,high,Midsize sedan,BEV,21502.278
726,2030,high,Small SUV,ICE-SI,20713.6135
727,2030,high,Small SUV,ICE-CI,21772.8196
728,2030,high,Small SUV,HEV-SI,20867.3617
729,2030,high,Small SUV,PHEV,21532.8562
730,2030,high,Small SUV,FCEV,22294.3751
731,2030,high,Small SUV,BEV,23852.906
732,2030,high,Medium SUV,ICE-SI,22222.649
733,2030,high,Medium SUV,ICE-CI,23301.7362
734,2030,high,Medium SUV,HEV-SI,22440.147
735,2030,high,Medium SUV,PHEV,23203.9267
736,2030,high,Medium SUV,FCEV,23924.7523
737,2030,high,Medium SUV,BEV,26022.9204
738,2030,high,Pickup,ICE-SI,24656.7935
739,2030,high,Pickup,ICE-CI,26385.5746
740,2030,high,Pickup,HEV-SI,25467.4027
741,2030,high,Pickup,PHEV,25792.5333
742,2030,high,Pickup,FCEV,27857.2456
743,2030,high,Pickup,BEV,29093.767
744,2030,high,Luxury compact,ICE-SI,15480.0053
745,2030,high,Luxury compact,ICE-CI,16587.6238
746,2030,high,Luxury compact,HEV-SI,15620.0849
747,2030,high,Luxury compact,PHEV,16101.8531
748,2030,high,Luxury compact,FCEV,16853.8976
749,2030,high,Luxury compact,BEV,17548.1715
750,2030,high,Luxury midsize car,ICE-SI,20136.9053
751,2030,high,Luxury midsize car,ICE-CI,22225.3747
752,2030,high,Luxury midsize car,HEV-SI,20601.826
753,2030,high,Luxury midsize car,PHEV,21015.856
754,2030,high,Luxury midsize car,FCEV,22779.1161
755,2030,high,Luxury midsize car,BEV,22051.8056
756,2030,high,Luxury small SUV,ICE-SI,21082.1921
757,2030,high,Luxury small SUV,ICE-CI,23075.1765
758,2030,high,Luxury small SUV,HEV-SI,21722.3488
759,2030,high,Luxury small SUV,PHEV,22237.1151
760,2030,high,Luxury small SUV,FCEV,23794.3761
761,2030,high,Luxury small SUV,BEV,24331.8505
762,2030,high,Luxury medium SUV,ICE-SI,23155.0681
763,2030,high,Luxury medium SUV,ICE-CI,24860.1833
764,2030,high,Luxury medium SUV,HEV-SI,23612.3205
765,2030,high,Luxury medium SUV,PHEV,24174.6789
766,2030,high,Luxury medium SUV,FCEV,26263.4267
767,2030,high,Luxury medium SUV,BEV,26871.1491
768,2030,high,Luxury pickup,ICE-SI,24863.8106
769,2030,high,Luxury pickup,ICE-CI,26594.4119
770,2030,high,Luxury pickup,HEV-SI,26024.0885
771,2030,high,Luxury pickup,PHEV,26137.5339
772,2030,high,Luxury pickup,FCEV,28808.0148
773,2030,high,Luxury pickup,BEV,29876.1304
774,2030,high,Tractor Sleeper,ICE-SI,0
775,2030,high,Tractor Sleeper,ICE-CI,153585.8903
776,2030,high,Tractor Sleeper,HEV-SI,161113.3826
777,2030,high,Tractor Sleeper,PHEV,221758.1015
778,2030,high,Tractor Sleeper,FCEV,179698.8607
779,2030,high,Tractor Sleeper,BEV,288225.358
780,2030,high,Tractor Day cab,ICE-SI,0
781,2030,high,Tractor Day cab,ICE-CI,133386.2977
782,2030,high,Tractor Day cab,HEV-SI,136523.358
783,2030,high,Tractor Day cab,PHEV,160693.6479
784,2030,high,Tractor Day cab,FCEV,150551.6447
785,2030,high,Tractor Day cab,BEV,184001.4822
786,2030,high,Class 8 Vocational,ICE-SI,0
787,2030,high,Class 8 Vocational,ICE-CI,105284.3658
788,2030,high,Class 8 Vocational,HEV-SI,110026.845
789,2030,high,Class 8 Vocational,PHEV,132560.9013
790,2030,high,Class 8 Vocational,FCEV,112715.6089
791,2030,high,Class 8 Vocational,BEV,147846.1535
792,2030,high,Class 6 Pickup Delivery,ICE-SI,0
793,2030,high,Class 6 Pickup Delivery,ICE-CI,78848.66546
794,2030,high,Class 6 Pickup Delivery,HEV-SI,83444.83151
795,2030,high,Class 6 Pickup Delivery,PHEV,95264.13388
796,2030,high,Class 6 Pickup Delivery,FCEV,82819.89321
797,2030,high,Class 6 Pickup Delivery,BEV,95815.84578
798,2030,high,Class 3 Pickup Delivery,ICE-SI,0
799,2030,high,Class 3 Pickup Delivery,ICE-CI,64989.33962
800,2030,high,Class 3 Pickup Delivery,HEV-SI,66789.12196
801,2030,high,Class 3 Pickup Delivery,PHEV,67418.75484
802,2030,high,Class 3 Pickup Delivery,FCEV,61507.38256
803,2030,high,Class 3 Pickup Delivery,BEV,66193.18883
804,2030,high,Class 8 Bus,ICE-SI,0
805,2030,high,Class 8 Bus,ICE-CI,126063.621
806,2030,high,Class 8 Bus,HEV-SI,0
807,2030,high,Class 8 Bus,PHEV,0
808,2030,high,Class 8 Bus,FCEV,124768.7025
809,2030,high,Class 8 Bus,BEV,0
810,2030,high,Class 8 Refuse,ICE-SI,0
811,2030,high,Class 8 Refuse,ICE-CI,112136.502
812,2030,high,Class 8 Refuse,HEV-SI,0
813,2030,high,Class 8 Refuse,PHEV,0
814,2030,high,Class 8 Refuse,FCEV,114186.7854
815,2030,high,Class 8 Refuse,BEV,0
816,2035,high,Compact sedan,ICE-SI,15106.2619
817,2035,high,Compact sedan,ICE-CI,16305.6865
818,2035,high,Compact sedan,HEV-SI,14996.8245
819,2035,high,Compact sedan,PHEV,15369.8685
820,2035,high,Compact sedan,FCEV,15423.8973
821,2035,high,Compact sedan,BEV,15681.8776
822,2035,high,Midsize sedan,ICE-SI,19862.3272
823,2035,high,Midsize sedan,ICE-CI,21097.5771
824,2035,high,Midsize sedan,HEV-SI,19787.7189
825,2035,high,Midsize sedan,PHEV,20154.3492
826,2035,high,Midsize sedan,FCEV,20436.244
827,2035,high,Midsize sedan,BEV,20471.3091
828,2035,high,Small SUV,ICE-SI,20968.0774
829,2035,high,Small SUV,ICE-CI,22195.5129
830,2035,high,Small SUV,HEV-SI,21010.9786
831,2035,high,Small SUV,PHEV,21370.7798
832,2035,high,Small SUV,FCEV,21997.2544
833,2035,high,Small SUV,BEV,22355.8827
834,2035,high,Medium SUV,ICE-SI,22476.3474
835,2035,high,Medium SUV,ICE-CI,23727.2595
836,2035,high,Medium SUV,HEV-SI,22576.0739
837,2035,high,Medium SUV,PHEV,23016.6668
838,2035,high,Medium SUV,FCEV,23562.5845
839,2035,high,Medium SUV,BEV,24292.1126
840,2035,high,Pickup,ICE-SI,24775.6172
841,2035,high,Pickup,ICE-CI,26708.9555
842,2035,high,Pickup,HEV-SI,25257.0925
843,2035,high,Pickup,PHEV,25406.0658
844,2035,high,Pickup,FCEV,27120.0823
845,2035,high,Pickup,BEV,26962.8039
846,2035,high,Luxury compact,ICE-SI,15346.2836
847,2035,high,Luxury compact,ICE-CI,16604.431
848,2035,high,Luxury compact,HEV-SI,15374.9773
849,2035,high,Luxury compact,PHEV,15663.0299
850,2035,high,Luxury compact,FCEV,16226.7474
851,2035,high,Luxury compact,BEV,16082.4984
852,2035,high,Luxury midsize car,ICE-SI,20414.1514
853,2035,high,Luxury midsize car,ICE-CI,22734.0883
854,2035,high,Luxury midsize car,HEV-SI,20513.1487
855,2035,high,Luxury midsize car,PHEV,21070.5361
856,2035,high,Luxury midsize car,FCEV,22251.5243
857,2035,high,Luxury midsize car,BEV,20935.3647
858,2035,high,Luxury small SUV,ICE-SI,21315.1704
859,2035,high,Luxury small SUV,ICE-CI,22582.1044
860,2035,high,Luxury small SUV,HEV-SI,21555.0285
861,2035,high,Luxury small SUV,PHEV,22095.5456
862,2035,high,Luxury small SUV,FCEV,23291.7781
863,2035,high,Luxury small SUV,BEV,22772.2803
864,2035,high,Luxury medium SUV,ICE-SI,23042.1352
865,2035,high,Luxury medium SUV,ICE-CI,25284.7755
866,2035,high,Luxury medium SUV,HEV-SI,23570.0904
867,2035,high,Luxury medium SUV,PHEV,23986.3857
868,2035,high,Luxury medium SUV,FCEV,25571.5365
869,2035,high,Luxury medium SUV,BEV,25040.3557
870,2035,high,Luxury pickup,ICE-SI,24954.4362
871,2035,high,Luxury pickup,ICE-CI,26943.4033
872,2035,high,Luxury pickup,HEV-SI,25787.4497
873,2035,high,Luxury pickup,PHEV,25754.2752
874,2035,high,Luxury pickup,FCEV,27944.3295
875,2035,high,Luxury pickup,BEV,27439.2069
876,2035,high,Tractor Sleeper,ICE-SI,0
877,2035,high,Tractor Sleeper,ICE-CI,158380.2326
878,2035,high,Tractor Sleeper,HEV-SI,165024.6638
879,2035,high,Tractor Sleeper,PHEV,194247.8548
880,2035,high,Tractor Sleeper,FCEV,164851.6134
881,2035,high,Tractor Sleeper,BEV,231122.7256
882,2035,high,Tractor Day cab,ICE-SI,0
883,2035,high,Tractor Day cab,ICE-CI,137459.7073
884,2035,high,Tractor Day cab,HEV-SI,140036.2952
885,2035,high,Tractor Day cab,PHEV,148044.7032
886,2035,high,Tractor Day cab,FCEV,139327.1586
887,2035,high,Tractor Day cab,BEV,157269.2406
888,2035,high,Class 8 Vocational,ICE-SI,0
889,2035,high,Class 8 Vocational,ICE-CI,108934.9245
890,2035,high,Class 8 Vocational,HEV-SI,111397.6039
891,2035,high,Class 8 Vocational,PHEV,123205.0696
892,2035,high,Class 8 Vocational,FCEV,106268.3884
893,2035,high,Class 8 Vocational,BEV,128227.4042
894,2035,high,Class 6 Pickup Delivery,ICE-SI,0
895,2035,high,Class 6 Pickup Delivery,ICE-CI,80525.3296
896,2035,high,Class 6 Pickup Delivery,HEV-SI,84138.60513
897,2035,high,Class 6 Pickup Delivery,PHEV,90498.24105
898,2035,high,Class 6 Pickup Delivery,FCEV,77307.95442
899,2035,high,Class 6 Pickup Delivery,BEV,84781.02654
900,2035,high,Class 3 Pickup Delivery,ICE-SI,0
901,2035,high,Class 3 Pickup Delivery,ICE-CI,66082.01582
902,2035,high,Class 3 Pickup Delivery,HEV-SI,63399.23963
903,2035,high,Class 3 Pickup Delivery,PHEV,64124.51489
904,2035,high,Class 3 Pickup Delivery,FCEV,56634.42893
905,2035,high,Class 3 Pickup Delivery,BEV,59029.53598
906,2035,high,Class 8 Bus,ICE-SI,0
907,2035,high,Class 8 Bus,ICE-CI,0
908,2035,high,Class 8 Bus,HEV-SI,0
909,2035,high,Class 8 Bus,PHEV,0
910,2035,high,Class 8 Bus,FCEV,0
911,2035,high,Class 8 Bus,BEV,0
912,2035,high,Class 8 Refuse,ICE-SI,0
913,2035,high,Class 8 Refuse,ICE-CI,0
914,2035,high,Class 8 Refuse,HEV-SI,0
915,2035,high,Class 8 Refuse,PHEV,0
916,2035,high,Class 8 Refuse,FCEV,0
917,2035,high,Class 8 Refuse,BEV,0
918,2050,high,Compact sedan,ICE-SI,14079.3549
919,2050,high,Compact sedan,ICE-CI,15109.9862
920,2050,high,Compact sedan,HEV-SI,13959.3377
921,2050,high,Compact sedan,PHEV,14338.6791
922,2050,high,Compact sedan,FCEV,14200.4001
923,2050,high,Compact sedan,BEV,14067.9836
924,2050,high,Midsize sedan,ICE-SI,18675.2625
925,2050,high,Midsize sedan,ICE-CI,19740.5744
926,2050,high,Midsize sedan,HEV-SI,18582.7174
927,2050,high,Midsize sedan,PHEV,18944.4247
928,2050,high,Midsize sedan,FCEV,18960.0595
929,2050,high,Midsize sedan,BEV,18637.7054
930,2050,high,Small SUV,ICE-SI,20370.8748
931,2050,high,Small SUV,ICE-CI,21437.7375
932,2050,high,Small SUV,HEV-SI,20391.6033
933,2050,high,Small SUV,PHEV,20712.593
934,2050,high,Small SUV,FCEV,20905.9629
935,2050,high,Small SUV,BEV,20843.4269
936,2050,high,Medium SUV,ICE-SI,21827.819
937,2050,high,Medium SUV,ICE-CI,22917.148
938,2050,high,Medium SUV,HEV-SI,21843.5465
939,2050,high,Medium SUV,PHEV,22257.2492
940,2050,high,Medium SUV,FCEV,22449.3356
941,2050,high,Medium SUV,BEV,22622.306
942,2050,high,Pickup,ICE-SI,23558.5428
943,2050,high,Pickup,ICE-CI,25450.5325
944,2050,high,Pickup,HEV-SI,24138.7955
945,2050,high,Pickup,PHEV,24361.099
946,2050,high,Pickup,FCEV,25310.8558
947,2050,high,Pickup,BEV,24726.6524
948,2050,high,Luxury compact,ICE-SI,14285.5417
949,2050,high,Luxury compact,ICE-CI,15366.9973
950,2050,high,Luxury compact,HEV-SI,14285.6047
951,2050,high,Luxury compact,PHEV,14590.4665
952,2050,high,Luxury compact,FCEV,14853.0675
953,2050,high,Luxury compact,BEV,14373.3982
954,2050,high,Luxury midsize car,ICE-SI,19139.9991
955,2050,high,Luxury midsize car,ICE-CI,21134.3718
956,2050,high,Luxury midsize car,HEV-SI,19201.6958
957,2050,high,Luxury midsize car,PHEV,19597.2016
958,2050,high,Luxury midsize car,FCEV,20386.1741
959,2050,high,Luxury midsize car,BEV,18990.6903
960,2050,high,Luxury small SUV,ICE-SI,20660.4391
961,2050,high,Luxury small SUV,ICE-CI,21739.55
962,2050,high,Luxury small SUV,HEV-SI,20797.8646
963,2050,high,Luxury small SUV,PHEV,21198.5049
964,2050,high,Luxury small SUV,FCEV,21885.7805
965,2050,high,Luxury small SUV,BEV,21149.1711
966,2050,high,Luxury medium SUV,ICE-SI,22287.8329
967,2050,high,Luxury medium SUV,ICE-CI,24207.7601
968,2050,high,Luxury medium SUV,HEV-SI,22677.3354
969,2050,high,Luxury medium SUV,PHEV,23116.8711
970,2050,high,Luxury medium SUV,FCEV,23954.651
971,2050,high,Luxury medium SUV,BEV,23160.8144
972,2050,high,Luxury pickup,ICE-SI,23931.376
973,2050,high,Luxury pickup,ICE-CI,25607.0042
974,2050,high,Luxury pickup,HEV-SI,24524.1614
975,2050,high,Luxury pickup,PHEV,24655.1169
976,2050,high,Luxury pickup,FCEV,25976.0539
977,2050,high,Luxury pickup,BEV,25126.4502
978,2050,high,Tractor Sleeper,ICE-SI,0
979,2050,high,Tractor Sleeper,ICE-CI,164408.1996
980,2050,high,Tractor Sleeper,HEV-SI,169790.7896
981,2050,high,Tractor Sleeper,PHEV,186191.7734
982,2050,high,Tractor Sleeper,FCEV,157684
983,2050,high,Tractor Sleeper,BEV,211307.9817
984,2050,high,Tractor Day cab,ICE-SI,0
985,2050,high,Tractor Day cab,ICE-CI,143508.1559
986,2050,high,Tractor Day cab,HEV-SI,148199.857
987,2050,high,Tractor Day cab,PHEV,145849.3908
988,2050,high,Tractor Day cab,FCEV,131336
989,2050,high,Tractor Day cab,BEV,148584.729
990,2050,high,Class 8 Vocational,ICE-SI,0
991,2050,high,Class 8 Vocational,ICE-CI,113527.4272
992,2050,high,Class 8 Vocational,HEV-SI,115888.8181
993,2050,high,Class 8 Vocational,PHEV,123425.0808
994,2050,high,Class 8 Vocational,FCEV,104755.5294
995,2050,high,Class 8 Vocational,BEV,122825.8169
996,2050,high,Class 6 Pickup Delivery,ICE-SI,0
997,2050,high,Class 6 Pickup Delivery,ICE-CI,82088.47788
998,2050,high,Class 6 Pickup Delivery,HEV-SI,85437.70401
999,2050,high,Class 6 Pickup Delivery,PHEV,88728.23846
1000,2050,high,Class 6 Pickup Delivery,FCEV,74294.15483
1001,2050,high,Class 6 Pickup Delivery,BEV,80909.25566
1002,2050,high,Class 3 Pickup Delivery,ICE-SI,0
1003,2050,high,Class 3 Pickup Delivery,ICE-CI,67457.44041
1004,2050,high,Class 3 Pickup Delivery,HEV-SI,64401.63556
1005,2050,high,Class 3 Pickup Delivery,PHEV,63592.21883
1006,2050,high,Class 3 Pickup Delivery,FCEV,54122.14943
1007,2050,high,Class 3 Pickup Delivery,BEV,56481.16796
1008,2050,high,Class 8 Bus,ICE-SI,0
1009,2050,high,Class 8 Bus,ICE-CI,129570.8214
1010,2050,high,Class 8 Bus,HEV-SI,0
1011,2050,high,Class 8 Bus,PHEV,0
1012,2050,high,Class 8 Bus,FCEV,118110.9669
1013,2050,high,Class 8 Bus,BEV,0
1014,2050,high,Class 8 Refuse,ICE-SI,0
1015,2050,high,Class 8 Refuse,ICE-CI,116297.6332
1016,2050,high,Class 8 Refuse,HEV-SI,0
1017,2050,high,Class 8 Refuse,PHEV,0
1018,2050,high,Class 8 Refuse,FCEV,105123.0005
1019,2050,high,Class 8 Refuse,BEV,0
1020,AEO_Model_Year_2020,N/A,Compact sedan,ICE-SI,32122.982
1021,AEO_Model_Year_2020,N/A,Compact sedan,ICE-CI,35982.113
1022,AEO_Model_Year_2020,N/A,Compact sedan,HEV-SI,36029.106
1023,AEO_Model_Year_2020,N/A,Compact sedan,PHEV,38874.344
1024,AEO_Model_Year_2020,N/A,Compact sedan,FCEV,64437.927
1025,AEO_Model_Year_2020,N/A,Compact sedan,BEV,45774.982
1026,AEO_Model_Year_2020,N/A,Midsize sedan,ICE-SI,30287.601
1027,AEO_Model_Year_2020,N/A,Midsize sedan,ICE-CI,33872.395
1028,AEO_Model_Year_2020,N/A,Midsize sedan,HEV-SI,34602.837
1029,AEO_Model_Year_2020,N/A,Midsize sedan,PHEV,38299.347
1030,AEO_Model_Year_2020,N/A,Midsize sedan,FCEV,63314.159
1031,AEO_Model_Year_2020,N/A,Midsize sedan,BEV,45605.247
1032,AEO_Model_Year_2020,N/A,Small SUV,ICE-SI,33473.301
1033,AEO_Model_Year_2020,N/A,Small SUV,ICE-CI,37385.204
1034,AEO_Model_Year_2020,N/A,Small SUV,HEV-SI,37815.88
1035,AEO_Model_Year_2020,N/A,Small SUV,PHEV,38960.617
1036,AEO_Model_Year_2020,N/A,Small SUV,FCEV,68862.9
1037,AEO_Model_Year_2020,N/A,Small SUV,BEV,50423.05
1038,AEO_Model_Year_2020,N/A,Medium SUV,ICE-SI,38914.097
1039,AEO_Model_Year_2020,N/A,Medium SUV,ICE-CI,44052.425
1040,AEO_Model_Year_2020,N/A,Medium SUV,HEV-SI,43298.035
1041,AEO_Model_Year_2020,N/A,Medium SUV,PHEV,46775.394
1042,AEO_Model_Year_2020,N/A,Medium SUV,FCEV,0
1043,AEO_Model_Year_2020,N/A,Medium SUV,BEV,54918.705
1044,AEO_Model_Year_2020,N/A,Pickup,ICE-SI,40287.945
1045,AEO_Model_Year_2020,N/A,Pickup,ICE-CI,45769.093
1046,AEO_Model_Year_2020,N/A,Pickup,HEV-SI,45568.657
1047,AEO_Model_Year_2020,N/A,Pickup,PHEV,0
1048,AEO_Model_Year_2020,N/A,Pickup,FCEV,0
1049,AEO_Model_Year_2020,N/A,Pickup,BEV,0
1050,AEO_Model_Year_2020,N/A,Luxury compact,ICE-SI,32122.982
1051,AEO_Model_Year_2020,N/A,Luxury compact,ICE-CI,35982.113
1052,AEO_Model_Year_2020,N/A,Luxury compact,HEV-SI,36029.106
1053,AEO_Model_Year_2020,N/A,Luxury compact,PHEV,38874.344
1054,AEO_Model_Year_2020,N/A,Luxury compact,FCEV,64437.927
1055,AEO_Model_Year_2020,N/A,Luxury compact,BEV,45774.982
1056,AEO_Model_Year_2020,N/A,Luxury midsize car,ICE-SI,30287.601
1057,AEO_Model_Year_2020,N/A,Luxury midsize car,ICE-CI,33872.395
1058,AEO_Model_Year_2020,N/A,Luxury midsize car,HEV-SI,34602.837
1059,AEO_Model_Year_2020,N/A,Luxury midsize car,PHEV,38299.347
1060,AEO_Model_Year_2020,N/A,Luxury midsize car,FCEV,63314.159
1061,AEO_Model_Year_2020,N/A,Luxury midsize car,BEV,45605.247
1062,AEO_Model_Year_2020,N/A,Luxury small SUV,ICE-SI,33473.301
1063,AEO_Model_Year_2020,N/A,Luxury small SUV,ICE-CI,37385.204
1064,AEO_Model_Year_2020,N/A,Luxury small SUV,HEV-SI,37815.88
1065,AEO_Model_Year_2020,N/A,Luxury small SUV,PHEV,38960.617
1066,AEO_Model_Year_2020,N/A,Luxury small SUV,FCEV,68862.9
1067,AEO_Model_Year_2020,N/A,Luxury small SUV,BEV,50423.05
1068,AEO_Model_Year_2020,N/A,Luxury medium SUV,ICE-SI,38914.097
1069,AEO_Model_Year_2020,N/A,Luxury medium SUV,ICE-CI,44052.425
1070,AEO_Model_Year_2020,N/A,Luxury medium SUV,HEV-SI,43298.035
1071,AEO_Model_Year_2020,N/A,Luxury medium SUV,PHEV,46775.394
1072,AEO_Model_Year_2020,N/A,Luxury medium SUV,FCEV,0
1073,AEO_Model_Year_2020,N/A,Luxury medium SUV,BEV,54918.705
1074,AEO_Model_Year_2020,N/A,Luxury pickup,ICE-SI,40287.945
1075,AEO_Model_Year_2020,N/A,Luxury pickup,ICE-CI,45769.093
1076,AEO_Model_Year_2020,N/A,Luxury pickup,HEV-SI,45568.657
1077,AEO_Model_Year_2020,N/A,Luxury pickup,PHEV,0
1078,AEO_Model_Year_2020,N/A,Luxury pickup,FCEV,0
1079,AEO_Model_Year_2020,N/A,Luxury pickup,BEV,0
1080,AEO_Model_Year_2020,N/A,Tractor Sleeper,ICE-SI,0
1081,AEO_Model_Year_2020,N/A,Tractor Sleeper,ICE-CI,0
1082,AEO_Model_Year_2020,N/A,Tractor Sleeper,HEV-SI,0
1083,AEO_Model_Year_2020,N/A,Tractor Sleeper,PHEV,0
1084,AEO_Model_Year_2020,N/A,Tractor Sleeper,FCEV,0
1085,AEO_Model_Year_2020,N/A,Tractor Sleeper,BEV,0
1086,AEO_Model_Year_2020,N/A,Tractor Day cab,ICE-SI,0
1087,AEO_Model_Year_2020,N/A,Tractor Day cab,ICE-CI,0
1088,AEO_Model_Year_2020,N/A,Tractor Day cab,HEV-SI,0
1089,AEO_Model_Year_2020,N/A,Tractor Day cab,PHEV,0
1090,AEO_Model_Year_2020,N/A,Tractor Day cab,FCEV,0
1091,AEO_Model_Year_2020,N/A,Tractor Day cab,BEV,0
1092,AEO_Model_Year_2020,N/A,Class 8 Vocational,ICE-SI,0
1093,AEO_Model_Year_2020,N/A,Class 8 Vocational,ICE-CI,0
1094,AEO_Model_Year_2020,N/A,Class 8 Vocational,HEV-SI,0
1095,AEO_Model_Year_2020,N/A,Class 8 Vocational,PHEV,0
1096,AEO_Model_Year_2020,N/A,Class 8 Vocational,FCEV,0
1097,AEO_Model_Year_2020,N/A,Class 8 Vocational,BEV,0
1098,AEO_Model_Year_2020,N/A,Class 6 Pickup Delivery,ICE-SI,0
1099,AEO_Model_Year_2020,N/A,Class 6 Pickup Delivery,ICE-CI,0
1100,AEO_Model_Year_2020,N/A,Class 6 Pickup Delivery,HEV-SI,0
1101,AEO_Model_Year_2020,N/A,Class 6 Pickup Delivery,PHEV,0
1102,AEO_Model_Year_2020,N/A,Class 6 Pickup Delivery,FCEV,0
1103,AEO_Model_Year_2020,N/A,Class 6 Pickup Delivery,BEV,0
1104,AEO_Model_Year_2020,N/A,Class 3 Pickup Delivery,ICE-SI,0
1105,AEO_Model_Year_2020,N/A,Class 3 Pickup Delivery,ICE-CI,0
1106,AEO_Model_Year_2020,N/A,Class 3 Pickup Delivery,HEV-SI,0
1107,AEO_Model_Year_2020,N/A,Class 3 Pickup Delivery,PHEV,0
1108,AEO_Model_Year_2020,N/A,Class 3 Pickup Delivery,FCEV,0
1109,AEO_Model_Year_2020,N/A,Class 3 Pickup Delivery,BEV,0
1110,AEO_Model_Year_2020,N/A,Class 8 Bus,ICE-SI,0
1111,AEO_Model_Year_2020,N/A,Class 8 Bus,ICE-CI,0
1112,AEO_Model_Year_2020,N/A,Class 8 Bus,HEV-SI,0
1113,AEO_Model_Year_2020,N/A,Class 8 Bus,PHEV,0
1114,AEO_Model_Year_2020,N/A,Class 8 Bus,FCEV,0
1115,AEO_Model_Year_2020,N/A,Class 8 Bus,BEV,0
1116,AEO_Model_Year_2020,N/A,Class 8 Refuse,ICE-SI,0
1117,AEO_Model_Year_2020,N/A,Class 8 Refuse,ICE-CI,0
1118,AEO_Model_Year_2020,N/A,Class 8 Refuse,HEV-SI,0
1119,AEO_Model_Year_2020,N/A,Class 8 Refuse,PHEV,0
1120,AEO_Model_Year_2020,N/A,Class 8 Refuse,FCEV,0
1121,AEO_Model_Year_2020,N/A,Class 8 Refuse,BEV,0
1122,Real_World_Today,N/A,Compact sedan,ICE-SI,30377.672
1123,Real_World_Today,N/A,Compact sedan,ICE-CI,34672.859
1124,Real_World_Today,N/A,Compact sedan,HEV-SI,34823.853
1125,Real_World_Today,N/A,Compact sedan,PHEV,38308.624
1126,Real_World_Today,N/A,Compact sedan,FCEV,73033.058
1127,Real_World_Today,N/A,Compact sedan,BEV,48336.395
1128,Real_World_Today,N/A,Midsize sedan,ICE-SI,28554.724
1129,Real_World_Today,N/A,Midsize sedan,ICE-CI,32580.921
1130,Real_World_Today,N/A,Midsize sedan,HEV-SI,33373.276
1131,Real_World_Today,N/A,Midsize sedan,PHEV,37875.996
1132,Real_World_Today,N/A,Midsize sedan,FCEV,72197.578
1133,Real_World_Today,N/A,Midsize sedan,BEV,48562.218
1134,Real_World_Today,N/A,Small SUV,ICE-SI,27624.304
1135,Real_World_Today,N/A,Small SUV,ICE-CI,31704.109
1136,Real_World_Today,N/A,Small SUV,HEV-SI,32492.424
1137,Real_World_Today,N/A,Small SUV,PHEV,33928.177
1138,Real_World_Today,N/A,Small SUV,FCEV,0
1139,Real_World_Today,N/A,Small SUV,BEV,48916.634
1140,Real_World_Today,N/A,Medium SUV,ICE-SI,36548.29
1141,Real_World_Today,N/A,Medium SUV,ICE-CI,42493.263
1142,Real_World_Today,N/A,Medium SUV,HEV-SI,41645.63
1143,Real_World_Today,N/A,Medium SUV,PHEV,46077.9
1144,Real_World_Today,N/A,Medium SUV,FCEV,0
1145,Real_World_Today,N/A,Medium SUV,BEV,59004.62
1146,Real_World_Today,N/A,Pickup,ICE-SI,38574.451
1147,Real_World_Today,N/A,Pickup,ICE-CI,44499.13
1148,Real_World_Today,N/A,Pickup,HEV-SI,44655.048
1149,Real_World_Today,N/A,Pickup,PHEV,0
1150,Real_World_Today,N/A,Pickup,FCEV,0
1151,Real_World_Today,N/A,Pickup,BEV,0
1152,Real_World_Today,N/A,Luxury compact,ICE-SI,30377.672
1153,Real_World_Today,N/A,Luxury compact,ICE-CI,34672.859
1154,Real_World_Today,N/A,Luxury compact,HEV-SI,34823.853
1155,Real_World_Today,N/A,Luxury compact,PHEV,38308.624
1156,Real_World_Today,N/A,Luxury compact,FCEV,73033.058
1157,Real_World_Today,N/A,Luxury compact,BEV,48336.395
1158,Real_World_Today,N/A,Luxury midsize car,ICE-SI,28554.724
1159,Real_World_Today,N/A,Luxury midsize car,ICE-CI,32580.921
1160,Real_World_Today,N/A,Luxury midsize car,HEV-SI,33373.276
1161,Real_World_Today,N/A,Luxury midsize car,PHEV,37875.996
1162,Real_World_Today,N/A,Luxury midsize car,FCEV,72197.578
1163,Real_World_Today,N/A,Luxury midsize car,BEV,48562.218
1164,Real_World_Today,N/A,Luxury small SUV,ICE-SI,27624.304
1165,Real_World_Today,N/A,Luxury small SUV,ICE-CI,31704.109
1166,Real_World_Today,N/A,Luxury small SUV,HEV-SI,32492.424
1167,Real_World_Today,N/A,Luxury small SUV,PHEV,33928.177
1168,Real_World_Today,N/A,Luxury small SUV,FCEV,0
1169,Real_World_Today,N/A,Luxury small SUV,BEV,48916.634
1170,Real_World_Today,N/A,Luxury medium SUV,ICE-SI,36548.29
1171,Real_World_Today,N/A,Luxury medium SUV,ICE-CI,42493.263
1172,Real_World_Today,N/A,Luxury medium SUV,HEV-SI,41645.63
1173,Real_World_Today,N/A,Luxury medium SUV,PHEV,46077.9
1174,Real_World_Today,N/A,Luxury medium SUV,FCEV,0
1175,Real_World_Today,N/A,Luxury medium SUV,BEV,59004.62
1176,Real_World_Today,N/A,Luxury pickup,ICE-SI,38574.451
1177,Real_World_Today,N/A,Luxury pickup,ICE-CI,44499.13
1178,Real_World_Today,N/A,Luxury pickup,HEV-SI,44655.048
1179,Real_World_Today,N/A,Luxury pickup,PHEV,0
1180,Real_World_Today,N/A,Luxury pickup,FCEV,0
1181,Real_World_Today,N/A,Luxury pickup,BEV,0
1182,Real_World_Today,N/A,Tractor Sleeper,ICE-SI,0
1183,Real_World_Today,N/A,Tractor Sleeper,ICE-CI,0
1184,Real_World_Today,N/A,Tractor Sleeper,HEV-SI,0
1185,Real_World_Today,N/A,Tractor Sleeper,PHEV,0
1186,Real_World_Today,N/A,Tractor Sleeper,FCEV,0
1187,Real_World_Today,N/A,Tractor Sleeper,BEV,0
1188,Real_World_Today,N/A,Tractor Day cab,ICE-SI,0
1189,Real_World_Today,N/A,Tractor Day cab,ICE-CI,0
1190,Real_World_Today,N/A,Tractor Day cab,HEV-SI,0
1191,Real_World_Today,N/A,Tractor Day cab,PHEV,0
1192,Real_World_Today,N/A,Tractor Day cab,FCEV,0
1193,Real_World_Today,N/A,Tractor Day cab,BEV,0
1194,Real_World_Today,N/A,Class 8 Vocational,ICE-SI,0
1195,Real_World_Today,N/A,Class 8 Vocational,ICE-CI,0
1196,Real_World_Today,N/A,Class 8 Vocational,HEV-SI,0
1197,Real_World_Today,N/A,Class 8 Vocational,PHEV,0
1198,Real_World_Today,N/A,Class 8 Vocational,FCEV,0
1199,Real_World_Today,N/A,Class 8 Vocational,BEV,0
1200,Real_World_Today,N/A,Class 6 Pickup Delivery,ICE-SI,0
1201,Real_World_Today,N/A,Class 6 Pickup Delivery,ICE-CI,0
1202,Real_World_Today,N/A,Class 6 Pickup Delivery,HEV-SI,0
1203,Real_World_Today,N/A,Class 6 Pickup Delivery,PHEV,0
1204,Real_World_Today,N/A,Class 6 Pickup Delivery,FCEV,0
1205,Real_World_Today,N/A,Class 6 Pickup Delivery,BEV,0
1206,Real_World_Today,N/A,Class 3 Pickup Delivery,ICE-SI,0
1207,Real_World_Today,N/A,Class 3 Pickup Delivery,ICE-CI,0
1208,Real_World_Today,N/A,Class 3 Pickup Delivery,HEV-SI,0
1209,Real_World_Today,N/A,Class 3 Pickup Delivery,PHEV,0
1210,Real_World_Today,N/A,Class 3 Pickup Delivery,FCEV,0
1211,Real_World_Today,N/A,Class 3 Pickup Delivery,BEV,0
1212,Real_World_Today,N/A,Class 8 Bus,ICE-SI,0
1213,Real_World_Today,N/A,Class 8 Bus,ICE-CI,0
1214,Real_World_Today,N/A,Class 8 Bus,HEV-SI,0
1215,Real_World_Today,N/A,Class 8 Bus,PHEV,0
1216,Real_World_Today,N/A,Class 8 Bus,FCEV,0
1217,Real_World_Today,N/A,Class 8 Bus,BEV,0
1218,Real_World_Today,N/A,Class 8 Refuse,ICE-SI,0
1219,Real_World_Today,N/A,Class 8 Refuse,ICE-CI,0
1220,Real_World_Today,N/A,Class 8 Refuse,HEV-SI,0
1221,Real_World_Today,N/A,Class 8 Refuse,PHEV,0
1222,Real_World_Today,N/A,Class 8 Refuse,FCEV,0
1223,Real_World_Today,N/A,Class 8 Refuse,BEV,0
